name,price,stock,description,warranty_period,manufacturer_id,category_id
Vacuum Sealer Machine,89.99,72,Seal food and maintain freshness longer.,9,91,86
Solar Charger,39.99,48,Portable solar charger for outdoor adventures.,9,98,98
Almond Crunch Granola Bars,3.49,85,Nutty granola bars for healthy snacking.,12,6,40
Cabbage Slaw Mix,2.29,71,Fresh cabbage and carrot slaw mix for salads.,12,79,86
Wall Art Stickers,19.99,91,Removable wall art stickers for home decoration.,3,40,65
Wireless Charging Station,39.99,38,Charge multiple devices with this sleek charging station.,3,76,53
Gingerbread House Kit,6.99,4,Everything you need to build a festive gingerbread house.,3,34,53
Car Escape Tool,12.99,29,Multi-functional tool for emergency situations in the car.,3,54,26
Apple Sauce,2.19,38,"Unsweetened apple sauce, great for snacks or baking.",11,88,55
Lightweight Travel Backpack,39.99,9,Compact and portable backpack for day trips and travel.,7,91,18
Honey Nut Cheerios,4.29,60,Classic cereal made with whole grains and honey.,8,18,7
Adjustable Yoga Mat Strap,14.99,94,Convenient strap for carrying yoga mats to class.,10,27,32
Sweet Pea Hummus,4.29,86,Creamy hummus made with sweet peas and tahini.,11,60,94
Hibiscus Tea Bags,3.79,41,Herbal tea bags made from dried hibiscus flowers.,10,66,66
Self-Stirring Mug,19.99,19,Automated stirring for your drinks with just a press of a button.,9,2,73
Pet Water Fountain with Filtration,39.99,95,"Continuous stream of fresh water for pets, promoting hydration.",9,40,10
Pest Control Traps,22.99,7,Non-toxic traps for catching household pests safely.,2,46,69
Multifunctional Baby Bottle Warmer,39.99,88,Warmer for heating baby bottles and food jars.,1,62,7
Portable Hammock,27.99,8,Lightweight hammock for easy setup anywhere.,3,8,60
Almond Flour,5.99,93,"Gluten-free almond flour, perfect for baking.",11,56,85
Kids' Gardening Tools Set,22.99,62,Fun and colorful gardening tools designed for children.,4,67,23
Peach Halves (canned),2.49,69,"Sweet peach halves packed in juice, great for desserts.",2,84,76
Crafting Kit,29.99,22,Complete crafting kit for kids and adults.,12,18,20
Organic Granola Cereal,5.99,70,Crunchy granola made with organic oats,2,93,75
Electric Milk Frother,19.99,72,Handheld frother for creating frothed milk for coffee.,11,64,8
Almond Milk,3.29,49,"Deliciously creamy almond milk, perfect for smoothies.",2,83,15
Rice Pudding,2.29,82,Creamy dessert made with rice and cinnamon.,2,39,30
Italian Herbal Seasoning,1.99,6,A fragrant blend of Italian herbs for pasta sauces and marinades.,10,15,86
Honey Roasted Almonds,4.99,59,Sweet and crunchy roasted almonds.,7,29,43
Sesame Oil,3.99,38,Nutty-scented oil for stir-fry and marinades.,10,23,52
Spicy Avocado Salsa,4.49,8,"A zesty salsa made from ripe avocados, tomatoes, onions, and jalapeños, great for dipping or topping.",3,100,73
Portable Bluetooth Keyboard,39.99,53,Compact keyboard for tablets and smartphones.,9,3,88
Outdoor Adventure Backpack,59.99,53,Durable backpack for hiking or travel.,1,90,81
Dog Training Collar,39.99,23,Rechargeable training collar for effective behavior training.,6,73,93
Wireless Wi-Fi Extender,49.99,84,Boosts your Wi-Fi coverage for better connectivity.,3,50,8
Maple Almond Yogurt,1.89,87,Creamy yogurt made with maple and almond flavors.,5,10,53
Wall-Mounted Wine Rack,39.99,84,Stylish and modern holder for storing wine bottles on walls.,12,61,93
Pet Tracking Collar,59.99,78,GPS pet collar that helps locate your pet via smartphone app.,7,98,79
Bamboo Charcoal Air Purifier Bags,12.99,7,Natural air purifiers to absorb odors and moisture.,9,7,75
Vegetable Sushi Rolls,5.99,45,Fresh sushi rolls filled with a variety of vegetables.,9,48,75
Granola Cereal,4.49,59,"Crunchy granola with oats, nuts, and honey.",3,87,37
Cream Cheese,2.69,29,"Smooth and creamy, ideal for spreads or baking.",4,49,36
Fitbit Activity Tracker,99.99,25,Advanced wristband that tracks daily activities and sleep.,11,22,76
Vegan Cheese,4.99,26,Dairy-free cheese alternative for your favorite dishes.,5,42,95
Pasta Maker Machine,59.99,77,Manual pasta maker for creating fresh pasta at home.,11,70,45
Wildflower Honey,4.99,10,Natural honey sourced from wildflowers.,4,72,90
Electric Milk Frother,19.99,68,Handheld frother for creating frothed milk for coffee.,7,47,84
Vegetable Stir-Fry Sauce,3.49,60,Savory sauce for vegetable and meat stir-fries.,2,47,85
White Rice,1.49,55,"Plain white rice, a staple for any meal.",9,14,54
Sunflower Seeds,2.99,5,Salted sunflower seeds perfect for snacking.,10,20,100
Car Phone Mount,15.99,98,Adjustable phone mount for car dashboard.,1,86,9
Aged White Cheddar Popcorn,2.99,9,Light and fluffy popcorn coated in aged white cheddar.,9,30,66
Vegan Protein Powder,34.99,49,Plant-based protein powder for post-workout recovery.,3,24,26
Smart LED Desk Lamp,39.99,58,Adjustable lamp with multiple brightness levels and colors.,5,8,5
Infrared Space Heater,99.99,25,Energy-efficient infrared heater for home use.,4,88,34
Non-Toxic Crayons for Kids,10.99,77,Safe and vibrant crayons for children's art projects.,12,2,32
Beef Stroganoff Mix,5.49,64,Everything you need to create a hearty beef stroganoff.,1,3,62
V-Neck Sweater,49.99,32,Classic V-neck sweater crafted from soft wool for warmth and style.,6,31,52
White Rice,1.49,54,"Plain white rice, a staple for any meal.",12,3,92
Inspirational Wall Art,24.99,46,Quote wall art to inspire and motivate.,2,29,45
Rechargeable Laptop Battery Pack,49.99,32,Portable battery pack to charge laptops while on the move.,6,59,16
Tailored Blazer,99.99,52,Sharp tailored blazer perfect for office wear and professional events.,12,37,31
Classic Black Trousers,54.99,23,Timeless black trousers for a smart and sophisticated look.,6,26,98
Pet Grooming Gloves,9.99,52,Gentle grooming gloves for shedding pets.,6,5,95
Peanut Butter Cookies,3.49,22,Soft and chewy cookies made with creamy peanut butter.,11,82,57
Sea Salt Caramel Brownie,2.49,34,Moist brownie topped with sea salt and caramel drizzle.,8,8,12
Basketball,29.99,43,Official size basketball for indoor and outdoor play.,6,76,22
Caramel Sauce,3.49,55,Rich sauce for desserts and ice cream.,5,72,40
Fitness Balance Ball,24.99,62,Stability ball for Pilates and yoga workouts.,2,24,7
Pet Food Storage Container,24.99,30,Airtight container to keep pet food fresh.,7,57,98
White Rice,1.49,75,"Plain white rice, a staple for any meal.",5,74,48
Coconut Flakes,3.29,91,Unsweetened coconut flakes for baking and topping.,1,94,62
Taro Chips,3.59,63,"Crispy chips made from taro root, a wonderful snack.",6,16,17
Mini Food Processor,39.99,11,Compact food processor for quick meal prep.,4,43,69
Pumpkin Pie Spice,2.99,89,A blend of spices that brings the taste of fall to your baked goods.,6,96,4
Throw Pillow Covers,22.99,37,Set of decorative pillow covers to enhance your home decor.,2,2,78
Creamy Spinach Dip,5.99,50,"Deliciously creamy spinach dip, perfect for parties.",3,22,21
Pleated Midi Dress,79.99,34,"A stylish midi dress with stylish pleats, suitable for any occasion.",6,31,9
Scent Diffuser Oil,14.99,19,Essential oil blends for a soothing atmosphere in your home.,4,82,16
Mediterranean Couscous Salad,5.49,22,"Couscous salad with cucumbers, tomatoes, feta, and olives, ready to eat.",12,98,26
Mediterranean Flatbread,3.5,86,"Artisan bread topped with olives, feta, and herbs, perfect for sharing.",4,2,48
Dark Chocolate Covered Almonds,7.19,48,Roasted almonds dipped in rich dark chocolate.,9,39,77
Sweet Chili Dipping Sauce,2.99,88,A sweet and spicy sauce ideal for spring rolls or chicken nuggets.,7,98,79
Fleece Throw Blanket,29.99,74,"Super soft fleece blanket, perfect for coziness.",11,33,85
Foam Muscle Roller,24.99,80,Relieve muscle tension and soreness with this foam roller.,8,4,68
Salsa,3.49,22,"Fresh and zesty salsa, perfect for nachos.",10,5,45
Instant Read Meat Thermometer,24.99,45,Fast and accurate thermometer for grilling and cooking.,6,53,49
Canvas High-Top Sneakers,49.99,84,Trendy high-top canvas sneakers for a stylish streetwear look.,2,60,79
Toilet Paper (12 rolls),8.99,42,Soft and strong toilet paper for everyday use.,12,88,84
Portable Speaker Stand,39.99,29,Adjustable stand for portable speakers and devices.,9,90,94
Bamboo Toothbrush,5.99,80,Eco-friendly bamboo toothbrush for sustainable living.,7,88,82
Cacao Powder,4.49,17,Unsweetened cacao powder for baking and smoothies.,8,96,2
Handmade Leather Wallet,49.99,53,High-quality leather wallet with multiple compartments.,4,70,93
Smoked Salmon,14.99,58,"Deliciously smoked salmon, great for bagels.",2,56,51
Fleece Hoodie,39.99,66,Ultra-soft fleece hoodie for warmth and comfort during chilly days.,5,86,94
Vintage Button-Down Shirt,45.99,26,A retro-style button-down shirt with a relaxed fit.,1,52,60
Electric Butter Churn,49.99,79,Automatic churner for making butter at home.,7,43,5
Children's Educational Puzzle,19.99,66,Fun and educational puzzle set for kids.,2,2,36
Pineapple Chunks (canned),2.29,62,Sweet pineapple chunks in syrup.,12,23,100
Adjustable Stand for Tablets and Smartphones,19.99,6,Multi-angle stand for easy viewing of devices.,7,33,3
Smartphone Tripod with Bluetooth Remote,29.99,64,Tripod with wireless remote for effortless photo-taking.,3,91,54
Handcrafted Wooden Coasters,19.99,12,Set of unique wooden coasters for drinks and decor.,9,40,21
Electrolyte Water Bottle,34.99,30,Water bottle that tracks hydration levels and adds electrolytes.,3,17,45
Cheesy Broccoli Soup Mix,2.99,89,Just add water for a hearty cheese and broccoli soup in minutes.,12,67,76
Asian Noodle Salad Kit,4.99,96,A pre-packaged salad kit with noodles and Asian-style dressing.,6,93,18
Cotton Pajama Set,49.99,62,Soft cotton pajama set for cozy nights in.,6,94,52
Cotton Basic Tank,14.99,84,"Essential cotton tank top, perfect for layering.",4,8,80
Nut Butter Cups,3.99,47,Delicious dark chocolate with creamy nut butter inside.,6,94,81
Chicken Breasts,9.99,8,Juicy and tender boneless chicken breasts.,2,24,64
High-Pressure Handheld Shower Head,39.99,28,Shower head designed for a strong spray and complete coverage.,12,4,7
Kids' Activity Book,14.99,7,Fun book filled with puzzles and games for kids.,8,64,91
Maple Oatmeal,2.99,95,Delicious maple-flavored oatmeal for a quick breakfast.,7,1,98
Plant Pot Drip Trays,9.99,57,Prevent water damage with drip trays for potted plants.,2,26,57
Wall-Mounted Wine Rack,39.99,10,Stylish and modern holder for storing wine bottles on walls.,12,24,16
Kettle Chip Variety Pack,3.99,85,A crunchy collection of flavored kettle chips in a convenient pack.,12,56,52
Folding Pocket Knife,24.99,54,Compact knife with safety lock for everyday use.,5,38,39
Granola Cereal,4.49,12,"Crunchy granola with oats, nuts, and honey.",5,55,70
Foot Massager,79.99,29,Electric foot massager with heat settings.,5,67,50
Stylish Combat Boots,99.99,30,Bold combat boots that make a statement with any outfit.,3,78,30
Car Trash Can,12.99,97,Compact trash can for keeping your car clean.,11,97,89
Smart Doorbell,119.99,79,Wi-Fi enabled doorbell with HD camera and two-way audio.,11,17,19
Overnight Duffle Bag,34.99,84,Spacious duffle bag for weekend getaways.,5,56,58
Salsa,3.49,35,"Fresh and zesty salsa, perfect for nachos.",8,32,81
Leather Notebook Cover,29.99,32,Elegant cover that protects your notebook with style.,12,54,26
Telescope,159.99,33,Beginner telescope for stargazing and exploring.,10,44,99
Juice Extractor,99.99,19,Efficient juicer for fresh fruit and vegetable juices.,2,11,22
Classic Pesto Sauce,4.29,20,"Fresh basil pesto, perfect for pasta or as a sandwich spread.",10,67,8
Kitchen Knife Sharpening System,39.99,26,Professional sharpening system for kitchen knives.,3,97,58
Organic Green Tea,4.29,64,Delicate green tea leaves for a refreshing beverage.,10,39,93
Dark Chocolate Covered Pretzels,3.99,3,Crunchy pretzels dipped in rich dark chocolate.,8,11,9
Smartphone Tripod with Remote,29.99,23,Adjustable tripod with remote shutter for smartphones.,3,18,60
Fresh Lemons,0.75,40,Citrusy lemons perfect for drinks and cooking.,5,66,29
Portable Air Purifier,69.99,98,Compact air purifier to improve indoor air quality.,3,24,52
Oatmeal Raisin Cookies,3.49,8,Delicious cookies packed with oats and raisins.,1,15,69
Marinara Parmesan Baked Ziti,8.49,3,Ziti pasta baked with marinara and parmesan cheese,4,12,87
Wall-Mounted Bookshelf,39.99,82,Floating bookshelf to display your favorite books.,6,32,100
Spicy Avocado Salsa,4.49,60,"A zesty salsa made from ripe avocados, tomatoes, onions, and jalapeños, great for dipping or topping.",2,65,42
Potato Wedge Seasoning,2.49,24,Seasoning mix for making crispy and flavorful potato wedges.,5,60,38
Portable Speaker Stand,39.99,28,Adjustable stand for portable speakers and devices.,11,10,42
Lentil Soup (canned),1.99,48,Hearty lentil soup for a quick meal.,1,81,45
Rustic Italian Bread,3.59,18,"Freshly baked rustic bread, perfect for sandwiches or dipping in olive oil.",1,22,9
Drone,249.99,61,Beginner-friendly drone with HD camera.,3,46,86
Thai Green Curry Paste,2.49,28,A rich curry paste for making authentic Thai green curry at home.,10,21,64
Ready-to-Eat Chili,2.99,94,"Spicy chili in a can, ready to eat for a filling meal.",6,90,51
Basil Lemonade,2.99,100,Refreshing basil-infused lemonade for a cool drink.,8,21,59
Paprika,1.79,79,Rich and sweet paprika spice for seasoning.,5,36,65
Pumpkin Ice Cream,4.99,5,"Seasonal pumpkin ice cream, perfect for fall.",1,85,65
Wireless Smart Plug,19.99,51,Control home appliances remotely using your smartphone app.,1,11,78
Savory Oats,2.49,82,"Instant oats with a savory twist, such as herbs and spices.",1,16,68
Bamboo Cotton Tank Top,22.99,10,"Sustainable tank top made of bamboo cotton, offering breathability and comfort.",11,60,71
Smartphone Car Mount with Wireless Charging,39.99,39,Secure phone mount that wirelessly charges your device while driving.,6,60,89
Personal Blender with Cups,34.99,55,Compact blender that comes with travel cups for smoothies.,9,67,63
Smart Home Security Camera,79.99,36,Wi-Fi camera with motion detection for home security.,6,51,81
Homestyle Chicken Noodle Soup,2.99,54,Classic chicken noodle soup with tender chicken and vegetables.,3,90,19
Fire Roasted Salsa,2.49,84,Salsa made with fire-roasted tomatoes for an authentic flavor.,10,10,14
Frozen Spinach,1.99,33,"Chopped and frozen spinach, ideal for cooking and smoothies.",8,86,96
Indoor Plants,19.99,41,Assorted indoor plants for home decor.,2,26,49
Stylish Wireless Earbuds,59.99,81,True wireless earbuds with excellent sound quality.,6,64,32
Rustic Italian Bread,3.59,81,"Freshly baked rustic bread, perfect for sandwiches or dipping in olive oil.",3,24,11
Handmade Soap Making Kit,34.99,74,Complete kit for crafting your own scented soaps.,5,46,67
Apple Sauce,2.19,58,"Unsweetened apple sauce, great for snacks or baking.",11,68,82
Tomatillo Salsa,3.29,42,Tangy salsa made from tomatillos and peppers.,10,58,20
Toasted Coconut Granola,4.99,61,"Crunchy granola with toasted coconut flakes, perfect for breakfast or snacks.",7,7,86
LED Flashlight with Rechargeable Batteries,19.99,53,Bright flashlight with rechargeable batteries included.,7,69,36
Creamy Tomato Basil Soup,3.29,30,"Rich and creamy tomato basil soup, perfect with a grilled cheese.",3,74,3
Maple Bacon Popcorn,3.49,24,Savory popcorn flavored with maple syrup and bacon bits.,7,21,8
Digital Photo Frame,79.99,77,Wi-Fi-enabled digital frame for displaying photos.,4,53,19
Suede Ankle Booties,79.99,12,"Chic suede ankle booties, perfect for dressing up or down.",4,33,96
Lentils,2.99,77,"High in protein, perfect for soups and stews.",12,17,56
Electric Food Steamer,59.99,84,Electric food steamer for healthy cooking.,3,89,1
Lightweight Backpacking Tent,129.99,41,Easy-to-set up tent designed for campers and hikers.,1,60,44
Luxury Bath Robe,49.99,98,Soft and plush robe for comfort after the shower.,11,83,89
Pasta Portion Control Measure,9.99,88,Tool for measuring perfect pasta portions every time.,6,82,23
Herbal Tea Infuser,9.99,79,Infuser for brewing loose-leaf herbal teas easily.,3,84,86
Eco-Friendly Notepad,8.99,5,Notepad made from recycled paper for sustainable note-taking.,7,63,25
Self-Stirring Mug,19.99,83,Automated stirring for your drinks with just a press of a button.,9,45,9
Roasted Chickpeas,2.99,42,Crispy roasted chickpeas seasoned to perfection,6,10,23
Multicolored LED Strip Lights,29.99,25,Flexible LED lights for creative home lighting designs.,11,87,41
Chocolate Almond Milk,2.79,73,Rich and creamy almond milk with a hint of chocolate.,10,21,92
Chili Powder,2.09,65,Spicy chili powder to add heat to dishes.,10,83,77
Lockable Bicycle Chain,19.99,29,Heavy-duty chain lock for securing bicycles.,3,77,91
Handheld Vacuum,79.99,24,Cordless handheld vacuum for quick cleanups.,9,43,100
Tahini,5.49,7,Creamy tahini made from ground sesame seeds.,7,72,75
Foam Building Blocks for Kids,22.99,27,Soft foam blocks perfect for building and imaginative play.,12,95,26
Portable Air Compressor,44.99,57,Compact air compressor for inflating tires and sports equipment.,1,57,16
Garden Tool Belt,22.99,23,Handy belt for carrying garden tools while working.,7,96,5
Chocolate Coconut Protein Balls,2.99,15,No-bake protein balls with chocolate and coconut flavors.,8,3,24
Almond Milk Yogurt,1.99,98,"Creamy yogurt made from almond milk, vegan-friendly.",8,33,98
Microfiber Cleaning Cloths,9.99,14,Pack of ultra-soft microfiber cloths for cleaning.,7,52,93
Smartphone Photography Ring Light,29.99,9,Portable ring light that enhances your photos with perfect lighting.,1,16,2
Sweet Chili Sauce,2.99,11,"A sweet and spicy sauce, great for dipping or cooking.",2,17,94
Emergency Preparedness Kit,99.99,72,Complete kit for emergency situations including food and water.,9,80,68
Portable Speakers,69.99,92,Bluetooth speakers with excellent sound quality.,8,60,48
Gaming Mousepad,19.99,72,Oversized gaming mousepad with smooth surface.,2,29,74
Pet Leash,15.99,78,Durable pet leash with comfortable handle.,3,63,85
Apple Juice,3.29,34,"Refreshing apple juice, 100% juice with no added sugar.",11,32,39
Almond Milk Yogurt,1.99,45,"Creamy yogurt made from almond milk, vegan-friendly.",2,38,54
Thai Green Curry Paste,2.49,25,A rich curry paste for making authentic Thai green curry at home.,7,97,80
Portable Phone Mug Holder,14.99,31,Convenient holder for drinks and phones while driving.,10,33,100
Wireless Earbuds,69.99,90,True wireless earbuds with touch control.,12,75,28
Classic White T-Shirt,19.99,97,A timeless wardrobe staple crafted from soft cotton with a perfect fit.,2,93,15
Hydration Backpack,39.99,40,Lightweight backpack with an insulated water reservoir for hydration on the go.,3,17,58
Thai Basil Fried Rice,5.99,42,Fragrant fried rice with authentic Thai basil and veggies.,4,80,57
Floral Summer Dress,39.99,92,Light and breezy dress perfect for summer outings with a vibrant floral pattern.,4,52,1
Electric Heating Pad,20.99,25,Microwaveable heating pad for muscle pain relief and relaxation.,12,73,69
Sesame Ginger Dressing,4.09,57,"Tangy dressing perfect for salads and marinades, with sesame and ginger flavors.",6,45,64
Hibiscus Herbal Tea,3.29,21,"Floral and refreshing herbal tea, great hot or iced.",8,99,8
Savory Oatmeal Cups,1.99,22,"Savory oatmeal ready to eat, great for breakfast or a snack.",10,52,65
Dark Chocolate Covered Almonds,7.19,9,Roasted almonds dipped in rich dark chocolate.,6,29,10
Drone,249.99,76,Beginner-friendly drone with HD camera.,4,16,81
Portable Solar Generator,399.99,68,Eco-friendly generator for outdoor adventures.,6,95,97
Chili Garlic Sauce,2.49,56,"Spicy sauce made with chili peppers and garlic, great for stir-frying.",6,45,25
Black Bean Spaghetti,3.99,90,"High-protein pasta made from black beans, gluten-free.",6,72,99
Wireless Earbuds,69.99,49,True wireless earbuds with touch control.,5,89,51
Samoas Cookie Mix,5.59,70,Baking mix to create your favorite Samoa-style cookies at home.,3,33,56
Spicy Hummus,3.49,69,"Creamy hummus with a kick of spice, great for dipping.",9,1,42
Black Bean Soup,3.49,4,"Spicy and flavorful soup made with black beans, perfect as a meal or starter.",12,79,18
Stylish Combat Boots,99.99,65,Bold combat boots that make a statement with any outfit.,7,36,91
Herb Drying Rack,22.99,90,Mesh drying rack for preserving herbs and flowers.,10,32,88
Smartphone Photography Ring Light,29.99,75,Portable ring light that enhances your photos with perfect lighting.,3,30,76
Electric Food Slicer,99.99,93,"Versatile slicer for meats, cheeses, and vegetables.",6,30,94
Pet Hair Remover,9.99,92,Effective roller for removing pet hair from furniture.,1,54,63
Cordless Electric Screwdriver,39.99,92,Rechargeable screwdriver with multiple bits for DIY projects.,10,22,95
Wireless Game Controller,39.99,28,Ergonomic wireless controller for gaming consoles.,6,96,39
Creamy Avocado Dip,3.49,74,"Rich and creamy dip made with real avocado, great for chips.",6,40,47
Adjustable Kneeling Pad,18.99,85,Comfortable kneeling pad for gardening or home projects.,6,3,37
Summer Tank Dress,39.99,51,"A lightweight tank dress, ideal for warm weather outings.",7,79,97
Self-Massaging Pillow,49.99,56,Comfortable pillow with built-in massage features.,2,30,90
Coconut Water,2.49,30,"Refreshing coconut water, perfect for hydration.",9,52,7
Cat Scratching Post with Toys,44.99,10,Multi-level scratching post to keep your cat entertained.,2,56,31
Spicy Garlic Edamame,3.99,76,"Steamed edamame tossed in a spicy garlic sauce, great for snacking.",10,51,58
Picnic Blanket,29.99,29,Waterproof picnic blanket for outdoor fun.,7,88,33
Electric Stool Heater,29.99,78,Heated stool cover for extra comfort during winter.,1,50,56
LED Desk Light,34.99,82,Adjustable LED desk light with brightness settings.,7,71,19
Vegetable Chips,3.99,45,Crispy and crunchy snack made from assorted vegetables.,11,88,93
Wild Rice & Quinoa Mix,2.99,58,"Nutritious blend of wild rice and quinoa, perfect as a side dish.",8,18,97
USB Wall Charger,19.99,10,Multiple USB ports for charging devices simultaneously.,3,18,60
Oven Thermometer,11.99,29,High-precision oven thermometer for accurate cooking.,5,7,2
Adjustable Kitchen Broom Stand,14.99,78,Space-saving broom holder for organized cleaning supplies.,11,40,12
Skincare Fridge,39.99,14,Small fridge designed to keep skincare products cool and fresh.,9,63,9
Peach Halves (canned),2.49,13,"Sweet peach halves packed in juice, great for desserts.",10,36,42
Luxury Memory Foam Mattress Topper,129.99,20,Adds extra comfort to your mattress for a better night's sleep.,11,94,63
Watercolor Paint Set,19.99,91,Vibrant watercolor paints that come with brushes and palettes.,4,12,98
High-Pressure Handheld Shower Head,39.99,11,Shower head designed for a strong spray and complete coverage.,5,54,55
Picnic Blanket,29.99,26,Waterproof picnic blanket for outdoor fun.,7,72,32
Running Shorts,34.99,99,Lightweight and breathable running shorts for your workouts.,11,76,56
Safety Pin Dispenser,5.99,53,Handy dispenser for quick access to safety pins.,10,77,40
Floral Wrap Top,49.99,59,A feminine wrap top with a beautiful floral print.,5,27,87
Berries Medley,6.99,51,"A mix of fresh raspberries, blueberries, and blackberries.",1,72,8
Frozen Edamame,3.29,50,"Lightly salted frozen edamame, a protein-packed snack.",2,53,58
Silicone Baking Molds,15.99,80,Set of flexible molds for baking cakes and pastries.,9,12,73
Pet First Aid Kit,29.99,59,Essential kit for taking care of your pets' health emergencies.,10,40,34
Smoked Paprika Chicken Thighs,6.99,68,Marinated chicken thighs with smoked paprika for a smoky flavor.,12,12,55
Wireless Game Controller,39.99,41,Ergonomic wireless controller for gaming consoles.,6,63,6
Electric Food Slicer,99.99,83,"Versatile slicer for meats, cheeses, and vegetables.",2,71,23
Electric Food Steamer,59.99,17,Electric food steamer for healthy cooking.,6,83,92
Portable Hammock Swing,59.99,22,Lightweight and portable swing hammock for relaxing outdoors.,9,67,41
Fruit Medley Juice,3.49,9,Refreshing juice blend made with various fresh fruits.,9,14,52
Hot Dog Buns,2.49,20,Soft buns perfect for stuffing with your favorite hot dogs.,3,76,15
Car Vacuum,49.99,7,Portable car vacuum cleaner with strong suction.,1,65,23
Noise Reduction Headphones,39.99,42,Passive noise reduction headphones for focus.,8,63,58
Vegetarian Sausage Links,5.89,80,Plant-based sausage links with spices and herbs.,7,23,56
Pesto Pasta Sauce,3.99,92,Rich basil pesto sauce for pasta and more.,5,29,90
Travel Mug,18.99,20,Stainless steel travel mug with spill-proof lid.,1,74,84
Kids' Craft Supplies Set,24.99,29,Variety pack of craft supplies for kids' projects.,2,9,18
Compressible Packing Cubes,29.99,63,Organizational cubes for easy packing and travel.,6,57,31
Mini Air Hockey Table,39.99,85,Fun tabletop air hockey for home or office.,7,34,39
Vegetable Korma,6.49,99,Creamy vegetable curry enriched with spices.,1,97,28
High-Speed HDMI Cable,12.99,79,Durable cable for connecting devices with high-definition video.,1,11,50
Aeropress Coffee Maker,29.99,4,Portable coffee maker for rich brews on the go.,7,3,75
Sesame Noodles,5.99,74,"Chilled noodles dressed in sesame sauce, ready to eat.",12,76,13
Chino Shorts,34.99,9,Classic chino shorts in a versatile color for summer adventures.,1,7,54
Samoas Cookie Mix,5.59,92,Baking mix to create your favorite Samoa-style cookies at home.,7,56,52
Vegan Mac & Cheese,8.99,80,Creamy vegan mac and cheese made with cashew cheese.,3,42,44
Kale Salad with Lemon Dressing,4.99,36,"Fresh kale salad with a zesty lemon dressing, great as a side dish.",12,11,86
Balsamic Vinaigrette,2.69,65,Rich and tangy dressing perfect for salads.,2,22,86
Dried Cranberries,4.29,29,"Sweet and tart dried cranberries, great for salads and baking.",9,33,39
Cat Tree,99.99,72,Multi-level cat tree for climbing and scratching.,1,14,89
Garlic and Herb Cream Cheese,3.49,62,Spreadable cream cheese with garlic and herbs.,12,63,80
Nail Polish Set,25,61,Assorted nail polish set for vibrant nails.,7,4,6
Almond Flour,5.99,23,"Gluten-free almond flour, perfect for baking.",6,79,32
Comfortable Jogger Pants,29.99,58,"Relaxed fit joggers made from soft fleece, ideal for lounging or workouts.",6,40,35
Almond Butter Cookies,4.49,82,Soft cookies made with almond butter,9,49,24
Weighted Jump Rope with Counter,14.99,98,Jump rope that counts your jumps for tracking workouts.,11,18,37
Protein Pancake Mix,3.99,45,A protein-packed pancake mix for a nutritious breakfast.,12,85,55
Peanut Butter Granola,4.99,38,Crunchy granola full of peanut butter flavor and oats.,12,79,93
Hot Dog Buns,2.49,34,Soft buns perfect for stuffing with your favorite hot dogs.,7,73,74
Stainless Steel Cutlery Set,29.99,82,High-quality cutlery set for daily use or special occasions.,4,29,31
Interactive Robot Toy,34.99,42,Fun robot that engages kids with games and activities.,8,77,64
Frozen Mixed Berries,5.99,57,"A mix of strawberries, blueberries, and raspberries.",2,14,5
Pet Tracking Collar,59.99,4,GPS pet collar that helps locate your pet via smartphone app.,7,81,36
Smart Plug,19.99,88,Wi-Fi enabled plug for controlling devices from your smartphone.,11,45,65
Oven Mitts,15.99,81,Silicone oven mitts for safe handling of hot cookware.,2,68,84
Organic Blueberries,5.49,22,Fresh organic blueberries perfect for snacking or baking.,12,52,38
Artisan Bread,4.59,60,"Freshly baked artisan bread, perfect for sandwiches or toasting.",1,100,50
Portable Phone Charger,29.99,14,High-capacity power bank for charging devices on the go.,10,96,15
Vegetable Stir Fry Mix,3.29,24,A mix of fresh vegetables for quick stir-fries.,11,52,19
Herb-Infused Olive Oil,8.99,33,Premium olive oil infused with herbs for enhanced flavor.,4,33,41
Peach Halves (canned),2.49,70,"Sweet peach halves packed in juice, great for desserts.",6,22,21
Coffee Grinder,39.99,72,Burr coffee grinder for fresh ground coffee.,12,13,57
Almond Flour Pizza Crust,7.99,35,"Low-carb pizza crust made from almond flour, gluten-free.",7,88,37
Fresh Lemons,0.75,93,Citrusy lemons perfect for drinks and cooking.,4,31,28
Cable Knit Cardigan,49.99,54,Cozy cable knit cardigan to layer during chilly evenings.,5,98,49
Dried Cranberries,4.29,57,"Sweet and tart dried cranberries, great for salads and baking.",7,67,5
Garden Hose,32.99,75,Durable 50-foot garden hose with nozzle.,6,13,4
Maple Chipotle Glaze,3.49,84,A sweet and spicy glaze that's perfect for grilling or marinades.,6,49,100
Lemon Lime Sparkling Water,1.99,59,Refreshing sparkling water with lemon and lime flavor,4,42,18
Pineapple Coconut Yogurt,4.49,39,Creamy yogurt blended with fresh pineapple and coconut pieces.,4,55,82
Cat Scratching Post with Toys,44.99,44,Multi-level scratching post to keep your cat entertained.,4,60,89
USB Flash Drive,9.99,26,32GB USB flash drive with fast data transfer speeds.,4,83,53
BBQ Sauce,3.49,66,"A smoky barbecue sauce, ideal for grilling and dipping.",2,65,54
Stainless Steel Mixing Bowls,29.99,83,Set of versatile mixing bowls for cooking.,10,51,97
Stainless Steel Straws,12.99,99,Set of reusable stainless steel straws for drinks.,7,4,9
Smart Doorbell,119.99,60,Wi-Fi enabled doorbell with HD camera and two-way audio.,4,79,13
Italian Meatballs,8.49,31,"Juicy meatballs made with a blend of beef and pork, seasoned with Italian herbs.",9,35,16
Oversized Denim Shirt,49.99,91,A trendy oversized denim shirt perfect for layering.,6,53,78
Magnetic Curtain Tiebacks,12.99,87,Easy-to-use tiebacks for curtains or drapes.,2,72,98
Portable Grill Cover,24.99,69,Durable cover to protect your grill from the elements.,1,58,28
Key Finder,19.99,13,Bluetooth-enabled key tracker to find lost items easily.,7,40,16
Berries Medley,6.99,60,"A mix of fresh raspberries, blueberries, and blackberries.",3,72,51
Home Brewing Starter Kit,79.99,5,All-in-one kit for brewing beer at home.,2,24,36
Repair Tool Set for Home Improvement,29.99,97,Small toolkit with essentials for home repairs.,8,68,30
Foot Massager Machine,59.99,59,Electric foot massager for relaxation and relief.,7,2,24
Buffalo Wing Sauce,3.99,79,Spicy sauce perfect for chicken wings and dipping.,4,17,39
Stainless Steel Grater,14.99,74,Multi-functional grater for cheese and vegetables.,6,31,55
Reusable Coffee Filter,10.99,66,Eco-friendly coffee filter for brewing.,7,78,35
Puzzle 3D Model Kit,22.99,54,3D model puzzle kit for creative builders.,12,46,79
Air Mattress,49.99,19,Inflatable air mattress for convenient sleeping.,12,21,57
Karaoke Microphone,39.99,80,Wireless microphone for singing and performances.,6,77,55
Pomegranate Juice,4.49,87,"Fresh pomegranate juice, rich in antioxidants.",7,92,23
Maxi Wrap Dress,49.99,41,A flowy maxi dress perfect for both casual and semi-formal occasions.,6,40,25
Indoor Plants,19.99,8,Assorted indoor plants for home decor.,7,41,10
Portable Dog Water Bottle,18.99,75,Convenient water bottle for pets on the go.,12,17,26
Brussels Sprouts,3.49,73,"Fresh Brussels sprouts, great for roasting or steaming.",1,33,82
Sweet Corn Fritters,4.49,25,Golden-brown fritters made with sweet corn.,3,93,59
Strawberry Rhubarb Jam,4.29,81,"A sweet and tart jam, perfect on toast or in desserts.",10,98,100
Kettle Chip Variety Pack,3.99,61,A crunchy collection of flavored kettle chips in a convenient pack.,8,55,49
Smartphone Tripod with Bluetooth Remote,29.99,7,Tripod with wireless remote for effortless photo-taking.,4,41,58
Graphic Sweatshirt,34.99,44,A comfortable sweatshirt featuring a bold graphic print.,8,99,8
Brown Sugar,1.79,91,"Raw brown sugar, perfect for baking or sweetening drinks.",5,21,60
Whole Roasted Chicken,9.99,81,"Seasoned and roasted to perfection, ready to eat.",11,96,99
Portable Massage Table,199.99,63,Folding massage table for professional or home use.,5,37,19
Sweet and Sour Sauce,2.79,24,Perfect dipping sauce or stir-fry addition for a sweet and tangy flavor.,12,12,81
Wine Glasses,29.99,73,Set of elegant wine glasses for special occasions.,7,64,81
Recipe Book Stand,22.99,9,Stylish stand to hold your recipes while cooking.,4,26,68
Digital Camera,299.99,92,Compact digital camera with 20MP resolution.,7,6,24
Electric Food Steamer,59.99,11,Electric food steamer for healthy cooking.,11,24,20
Feta Cheese Crumbles,2.49,97,"Crumbled feta cheese, perfect for salads and Mediterranean dishes.",3,21,31
Foot Massager Machine,59.99,64,Electric foot massager for relaxation and relief.,4,54,59
Personal Blender with Cups,34.99,4,Compact blender that comes with travel cups for smoothies.,11,57,14
Sunflower Seeds,2.99,89,Salted sunflower seeds perfect for snacking.,4,35,42
Wooden Toy Train Set,29.99,43,Classic wooden train set for imaginative play.,7,63,56
Digital Thermostat,59.99,57,Programmable digital thermostat for home heating.,4,67,98
Set of Herb Garden Markers,8.99,97,Stylish markers for labeling your indoor garden plants.,2,6,81
Electric Ice Cream Maker,59.99,41,Make delicious ice cream at home with this user-friendly machine.,7,91,46
Garden Hose Reel,49.99,37,Compact hose reel to keep your garden tidy.,2,10,10
Garlic Naan Bread,3.99,84,"Soft and delicious garlic-infused flatbread, perfect for dipping.",4,20,60
Personal Blender,39.99,4,Compact blender for quick smoothies and shakes.,3,19,53
Handcrafted Wooden Coasters,19.99,54,Set of unique wooden coasters for drinks and decor.,12,7,82
Cheese Stuffed Jalapenos,5.99,37,"Spicy jalapenos stuffed with cheese, ideal for appetizers.",5,91,29
Diced Tomatoes (canned),1.49,88,"Canned diced tomatoes, great base for sauces and soups.",2,99,98
Himalayan Salt Grinder,4.99,3,"Natural pink salt, perfect for seasoning.",4,85,48
Body Wash,12.99,86,Moisturizing body wash with natural ingredients.,10,81,13
Chipotle Sauce,3.29,76,Spicy sauce made with chipotle peppers,3,52,52
Over-the-Door Hooks,12.99,51,Convenient hooks that utilize door space for hanging items.,9,5,90
Electric Blanket,59.99,69,Extra soft electric blanket with adjustable heat settings.,5,59,58
Maple Almond Granola,5.49,47,Crunchy granola with maple flavor and almond pieces for breakfast.,11,59,10
Sliced Avocado,2.79,56,"Ready-to-eat avocado slices, perfect for tacos.",3,31,100
Jasmine Rice,2.39,78,"Fragrant jasmine rice, perfect as a side dish.",12,85,4
Electric Nail File Kit,34.99,89,Professional-grade nail care set for manicures and pedicures.,3,42,64
Hot Dog Buns,2.49,84,Soft buns perfect for stuffing with your favorite hot dogs.,2,45,30
Crispy Potato Tots,3.69,61,"Golden brown potato tots, crispy on the outside and fluffy inside.",10,63,98
Peanut Butter Banana Smoothie,3.99,85,Smooth and creamy smoothie made with peanut butter and banana.,9,71,57
Balsamic Vinaigrette,2.69,77,Rich and tangy dressing perfect for salads.,5,86,73
Dark Chocolate Almond Butter Cups,4.99,9,Rich almond butter encased in dark chocolate.,9,82,88
Zesty Garlic Hummus,3.99,62,Creamy chickpea dip infused with zesty garlic flavor.,1,6,83
Chili Lime Corn Chips,2.79,24,Crunchy corn chips flavored with chili and lime for a zesty kick.,10,62,21
Sports Bottle,15.99,52,BPA-free sports bottle with flip-top lid.,6,9,1
Action Camera,199.99,65,Compact action camera for capturing adventures.,6,55,77
Multi-Function Smartphone Holder,12.99,85,"Versatile holder that can be used on desks, cars, and more.",4,75,91
Home Karaoke System,129.99,24,Complete karaoke system with microphones and speakers.,1,99,48
Chili Powder,2.09,78,Spicy chili powder to add heat to dishes.,9,95,48
Roasted Vegetable Medley,3.99,42,A mix of frozen roasted vegetables for an easy side dish.,3,48,20
Coffee Making Kit,44.99,69,Complete set to brew coffee with different methods.,7,6,45
Gardening Tools Set,45,39,Complete set of gardening tools for outdoor tasks.,2,87,97
Wireless Gaming Headset,89.99,40,Comfortable headset with surround sound for immersive gaming.,2,92,100
Raisin Cinnamon Granola,3.79,11,Crunchy granola with raisins and cinnamon for a delightful breakfast.,5,80,79
Car Vacuum,49.99,40,Portable car vacuum cleaner with strong suction.,8,7,2
Maple Pecan Oatmeal Cookies,3.99,12,Soft oatmeal cookies with maple and pecans.,5,100,4
Decorative LED Neon Sign,45.99,42,"Bright, vibrant sign to add flair to any space.",6,3,76
Beef Stroganoff Meal Kit,12.99,24,Complete meal kit with everything needed to make beef stroganoff in under 30 minutes.,2,23,46
Stylish Combat Boots,99.99,55,Bold combat boots that make a statement with any outfit.,1,18,36
Zesty Garlic Hummus,3.99,54,Creamy chickpea dip infused with zesty garlic flavor.,3,54,42
Pet Water Fountain with Filtration,39.99,97,"Continuous stream of fresh water for pets, promoting hydration.",11,98,10
Apple Cinnamon Granola,4.49,98,A wholesome granola with bits of apple and a touch of cinnamon.,10,63,79
Bluetooth Sleep Headphones,29.99,11,Comfortable wireless headphones designed for sleeping.,6,83,98
Gluten-Free Biscuits,3.79,86,Fluffy biscuits made without gluten,11,71,75
Garden Tool Set with Carrying Bag,39.99,53,Complete set for garden care with a handy carrying bag.,4,73,69
Roasted Garlic Aioli,3.79,84,Flavored aioli made with roasted garlic,2,80,67
Maple Pecan Oatmeal Cookies,3.99,48,Soft oatmeal cookies with maple and pecans.,3,85,84
Wireless Keyboard and Mouse Combo,34.99,24,Compact wireless set for easy computer usability.,12,3,31
Zucchini Noodle Pasta,3.99,92,"Low-carb zucchini noodles, perfect for a healthy alternative to pasta.",3,72,8
Fridge Magnet Set,15.99,5,Fun fridge magnets to decorate your kitchen.,3,12,38
Multi-Purpose Scissors,8.99,67,Heavy-duty scissors for crafting and office use.,11,34,12
Wireless Keyboard and Mouse Combo,34.99,77,Compact wireless set for easy computer usability.,8,95,62
Coloring Books for Adults,14.99,50,Intricate designs for adults to relax and unwind.,8,4,68
Pleated Midi Dress,79.99,21,"A stylish midi dress with stylish pleats, suitable for any occasion.",4,41,30
Vegan Mayonnaise,4.49,66,Plant-based mayonnaise for a creamy taste.,12,89,34
Compact Portable Grill,79.99,19,Easy-to-use portable grill for barbecues.,5,13,19
Legging Pants,34.99,50,Comfortable and stretchy legging pants perfect for workouts or daily wear.,5,85,85
Inflatable Party Cooler,19.99,33,Fun inflatable cooler to keep drinks cold at parties.,7,54,28
Instant Mashed Potatoes,1.79,21,Quick and easy side dish with buttery flavor.,5,67,60
Almond Flour,5.99,21,"Gluten-free almond flour, perfect for baking.",11,78,65
Coconut Lime Rice,2.99,70,"Flavorful rice mixed with coconut and lime, a tropical side dish.",12,47,90
Honey-Balsamic Vinaigrette,3.39,9,A sweet and tangy vinaigrette dressing for salads.,11,80,28
Compact Umbrella,12.99,11,Portable and lightweight umbrella for protection from rain.,10,31,39
Beef Sirloin Steak,15.99,11,"Juicy and tender beef sirloin steak, grass-fed.",6,5,8
Art Supplies Organizer,18.99,65,Storage organizer for art supplies and tools.,8,80,47
Thyme,2.49,63,"Fresh thyme, perfect for seasoning dishes.",3,49,62
Kettle Corn Popcorn,2.99,99,"Sweet and salty kettle corn, perfect for snacking.",4,66,74
Cinnamon Sugar Mix,1.49,36,Sweet mixture of cinnamon and sugar for sprinkling.,2,58,61
Safety Pin Dispenser,5.99,28,Handy dispenser for quick access to safety pins.,3,66,12
Golf Polo Shirt,39.99,31,Breathable polo shirt designed for both style and comfort on the greens.,1,69,7
Canned Black Beans,1.29,58,"Delicious and hearty black beans, great for soups or salads.",12,40,88
Lentil Vegetable Curry,4.49,59,A flavorful lentil curry cooked with vegetables and spices.,1,74,5
Vegetable Spiralizer,19.99,84,Create spiraled vegetable noodles easily for healthy meals.,8,4,51
Acoustic Guitar,199.99,33,Beginner-friendly acoustic guitar with natural finish.,12,38,62
Essential White Button-Up,44.99,99,A classic white button-up shirt for a polished appearance.,4,51,2
Heavy Duty Gardening Tool Set,49.99,78,Comprehensive tool set for gardening enthusiasts.,8,62,48
Self-Adhesive Wallpaper,34.99,17,Peel and stick wallpaper for easy home decor changes.,7,24,72
Frozen Spinach,1.99,21,"Chopped and frozen spinach, ideal for cooking and smoothies.",1,79,32
Travel Document Organizer,15.99,35,"Organize travel documents, passport, and cards.",10,34,8
Wireless Charging Station,39.99,3,Charge multiple devices with this sleek charging station.,11,82,51
Frozen Edamame,3.29,13,"Lightly salted frozen edamame, a protein-packed snack.",8,70,61
Adjustable Kitchen Broom Stand,14.99,44,Space-saving broom holder for organized cleaning supplies.,9,66,74
Silicone Baking Mat Set,24.99,68,Non-stick and reusable mats for easy baking.,4,90,72
Scented Soy Candles,19.99,64,Hand-poured candles made of natural soy wax.,1,77,48
Floral Wrap Top,49.99,38,A feminine wrap top with a beautiful floral print.,1,13,53
Ice Pack,8.99,9,Reusable gel ice pack for injuries and cooling.,6,39,53
Sweet and Spicy Barbecue Sauce,3.99,49,A flavorful barbecue sauce with a sweet and spicy kick.,9,63,90
Organic Black Bean Burger,4.49,20,Delicious plant-based burger made with organic black beans and spices.,11,19,53
Zesty Cilantro Lime Dressing,3.29,36,A bright and zesty dressing perfect for salads and tacos.,11,47,3
Reusable Silicone Food Storage Bags,19.99,22,Eco-friendly bags for storing food without plastic waste.,11,94,47
Caramelized Onion Dip,3.99,30,"Creamy dip made with caramelized onions, perfect for chips or veggies.",4,47,17
Rechargeable Electric Screwdriver,39.99,21,Convenient electric screwdriver for DIY projects at home.,12,88,66
Scent Diffuser Oil,14.99,26,Essential oil blends for a soothing atmosphere in your home.,6,18,14
Black Bean & Corn Salad,3.99,59,"A fresh salad made with black beans, corn, and a zesty dressing, great for summer cookouts.",1,90,73
Coconut Cream,2.99,74,"Rich cream extracted from coconut milk, ideal for desserts.",11,85,41
Kids' Trampoline,139.99,89,Safe and fun trampoline for children.,9,39,98
Honey BBQ Ribs,12.99,46,Tender ribs smothered in a honey barbecue sauce.,10,9,65
Chocolate Mint Thins,2.99,76,Mint-flavored chocolate candies for a refreshing treat.,2,99,14
Gaming Headset,69.99,8,Comfortable gaming headset with surround sound.,7,25,99
Cucumber Relish,3.39,57,"Sweet relish made from cucumbers, perfect for sandwiches.",1,78,21
Chewy Granola Bars,3.49,40,Oats and honey bars with a chewy texture and nutty flavor.,6,97,40
Wall Art Stickers,19.99,62,Removable wall art stickers for home decoration.,11,20,78
Chili Lime Corn Chips,2.79,20,Crunchy corn chips flavored with chili and lime for a zesty kick.,11,69,87
Ground Turkey,5.49,36,"Lean and versatile ground turkey, perfect for various dishes.",10,47,13
Compressed Towel Tablets,12.99,10,"Compact towels that expand when wet, ideal for travel.",6,62,80
Cinnamon Sugar Popcorn,2.89,55,Sweet popcorn coated in a mixture of cinnamon and sugar.,2,76,30
Electric Heating Pad,20.99,29,Microwaveable heating pad for muscle pain relief and relaxation.,10,44,91
Smoked Paprika,2.99,16,Add a smoky flavor to your dishes.,1,73,17
Pesto Pasta Salad,4.99,29,Cold pasta salad tossed with pesto and fresh vegetables.,5,46,92
Mediterranean Couscous,3.59,51,"Flavored couscous with herbs and spices, perfect as a side dish or a base for salads.",9,70,27
Phone Screen Protector,12.99,6,Tempered glass screen protector for smartphones.,8,49,69
Slingback Sandals,29.99,25,Chic slingback sandals for a relaxed summer vibe.,5,58,4
Chicken Sausage,6.99,85,"Flavorful chicken sausage, low in fat and fully cooked.",7,99,67
Chunky Knit Sweater,59.99,75,Cozy oversized sweater perfect for chilly days with a textured knit design.,5,9,42
Vegan Caesar Dressing,3.99,72,"Creamy vegan dressing made with cashews, perfect for salads.",4,100,33
Plant-Based Cookbook,29.99,53,Delicious recipes focusing on plant-based ingredients.,8,36,7
Cranberry Juice,3.69,55,Refreshing cranberry juice with no added sugar.,11,27,85
Rice Noodles,3.49,14,"Thin rice noodles, ideal for stir-fries and soups.",4,20,12
White Rice,1.49,20,"Plain white rice, a staple for any meal.",9,20,54
Wireless Smart Plug,19.99,97,Control home appliances remotely using your smartphone app.,5,26,69
Salsa,3.49,24,"Fresh and zesty salsa, perfect for nachos.",1,81,62
Colorful Post-It Notes Set,9.99,46,Variety pack of sticky notes in different colors and sizes.,8,32,41
Induction Cooktop,89.99,78,Portable induction cooktop for quick heating.,6,32,84
Mechanical Pencil Set,19.99,13,"Precision pencils for drawing, sketching, and writing.",2,42,85
Snap-On Tupperware Set,34.99,54,Durable and versatile food storage containers.,8,20,14
White Rice,1.49,34,"Plain white rice, a staple for any meal.",6,88,100
Chocolate Covered Pretzels,3.29,88,"Crunchy pretzels coated in rich chocolate, a sweet treat.",10,37,33
Weighted Blanket for Adults,59.99,11,A calming blanket that provides gentle pressure for relaxation.,6,60,16
Robot Vacuum Cleaner,299.99,63,Smart robotic vacuum for automatic cleaning.,9,63,50
Pet Bed with Removable Cover,49.99,14,Comfy pet bed with washable cover for easy cleaning.,4,24,70
Antique Style Clock,39.99,48,Nostalgic clock that adds charm to any room.,2,41,38
Garam Masala Spice Blend,2.79,59,A fragrant Indian spice blend for curries and stews.,9,3,4
Cereal Dispenser with Portion Control,24.99,79,Maintain freshness and dispense cereal easily.,3,3,52
Personal Blender with Travel Cup,39.99,4,Blender for smoothies with a portable cup.,1,59,2
Natural Fruit Snacks,3.99,40,"Healthy fruit snacks, made with real fruit.",10,30,33
Oatmeal Raisin Cookies,3.49,93,Delicious cookies packed with oats and raisins.,4,63,38
Foam Roller for Muscle Recovery,29.99,76,Use this foam roller for effective post-workout recovery.,1,23,71
Faux Leather Leggings,49.99,22,Stylish faux leather leggings for a trendy outfit.,12,14,68
Heavy-Duty Utility Tote,34.99,45,"Large, durable tote bag for shopping and outdoor activities.",4,72,45
Blueberry Muffin Mix,4.29,56,Make delightful blueberry muffins at home with this easy mix.,10,46,12
Magnetic Spice Containers,24.99,64,Set of magnetic jars for convenient spice organization.,7,53,9
Wireless Charging Pad,19.99,55,Sleek wireless charging pad for smartphones.,6,52,7
Watercolor Brush Pens,19.99,23,Set of brush pens for colorful and creative painting.,7,67,2
Turkey Bacon,3.99,25,"Delicious turkey bacon, a healthier alternative.",1,92,14
Wireless Gaming Headset,89.99,86,Comfortable headset with surround sound for immersive gaming.,1,85,76
Lemon Sorbet,4.99,71,Refreshing sorbet with a zesty lemon flavor.,9,64,3
Lightweight Backpacking Tent,129.99,91,Easy-to-set up tent designed for campers and hikers.,12,12,24
Water-Resistant Bluetooth Speaker,59.99,23,Durable speaker designed for outdoor use with water resistance.,10,23,8
Coconut Oil Spray,4.99,14,A zero-calorie coconut oil spray for cooking and baking.,9,47,76
Garlic Herb Grilled Chicken,8.99,85,Marinated grilled chicken breasts seasoned with garlic and herbs.,2,95,55
Kale & Quinoa Salad Mix,4.49,26,"A nutrient-packed salad mix with kale, quinoa, and a lemon vinaigrette, ready to eat.",11,71,99
Pistachios,6.99,57,"Roasted pistachios, a healthy and tasty snack.",8,8,65
Bluetooth Sleep Headphones,29.99,88,Comfortable wireless headphones designed for sleeping.,3,64,52
Desk Lamp with USB Port,29.99,24,Modern desk lamp that features a built-in USB charging port.,3,36,98
Frozen Cauliflower Rice,2.99,98,Convenient and low-carb alternative to traditional rice.,6,71,41
Garden Tool Set with Carrying Bag,39.99,41,Complete set for garden care with a handy carrying bag.,4,3,31
Tuna Fish (canned),2.29,4,"Wild-caught tuna in olive oil, perfect for salads.",2,64,59
Tortilla Chips,2.99,84,"Crispy tortilla chips, perfect for dipping.",6,100,91
Wireless HDMI Receiver,49.99,40,Stream HD video wirelessly from devices to TV.,11,20,72
Yoga Blocks,29.99,84,Set of two yoga blocks for increased stability and support.,11,29,40
Potato Wedge Seasoning,2.49,33,Seasoning mix for making crispy and flavorful potato wedges.,2,16,29
Indoor Plants,19.99,26,Assorted indoor plants for home decor.,4,27,85
Pistachios,6.99,98,"Roasted pistachios, a healthy and tasty snack.",10,89,15
Creamy Ranch Dressing,2.49,57,Classic ranch dressing for salads and dipping.,11,46,89
Savory Snack Mix,4.49,96,"A mix of nuts, pretzels, and crackers, seasoned just right for snacking.",8,97,10
Adjustable Garden Rake,22.99,14,Heavy-duty rake with adjustable width for different gardening needs.,9,17,8
Frozen Vegetarian Pizza,6.49,69,A delicious pizza loaded with vegetables,2,58,76
Organic Honeycrisp Apples,1.99,17,"Sweet and crisp apples, perfect for snacking.",8,71,98
Teriyaki Stir-Fry Sauce,3.49,77,Savory teriyaki sauce for stir-frying veggies or meats.,2,89,5
Chili Powder,2.09,14,Spicy chili powder to add heat to dishes.,10,88,53
Chocolate Fudge Brownie Mix,2.99,99,Just add water for delicious brownies.,1,43,84
Handheld Vacuum,79.99,76,Cordless handheld vacuum for quick cleanups.,4,4,96
Classic Pesto Sauce,4.29,39,"Fresh basil pesto, perfect for pasta or as a sandwich spread.",4,5,23
Sriracha Honey Glaze,3.59,67,"A spicy glaze made with sriracha and honey, perfect for meats.",12,28,37
Maple Cinnamon Granola,4.29,61,"Crunchy granola mixed with maple syrup and cinnamon, perfect for breakfast or snacks.",10,21,38
Chocolate Hazelnut Spread,5.99,17,"A creamy spread made with chocolate and hazelnuts, perfect for toast.",7,66,94
Garden Tool Belt,22.99,83,Handy belt for carrying garden tools while working.,2,40,92
Digital Stopwatch Timer,12.99,17,Accurate stopwatch for timing events and workouts.,8,66,60
Bluetooth Car Adapter,24.99,28,Connect your phone to the car's audio system via Bluetooth.,6,32,72
Smoked Salmon,14.99,43,"Deliciously smoked salmon, great for bagels.",12,77,20
Craft Beer Mustard,3.99,95,Stone-ground mustard infused with craft beer for a gourmet touch.,10,41,97
Toy Building Set,29.99,67,Creative building set for kids to spark imagination.,6,80,58
Children's Educational Puzzle,19.99,14,Fun and educational puzzle set for kids.,4,89,74
Fitness Tracker Watch,79.99,53,Water-resistant activity tracker and smartwatch features.,6,27,38
Bamboo Charcoal Air Purifier Bags,12.99,73,Natural air purifiers to absorb odors and moisture.,3,42,16
Skincare Fridge,39.99,86,Small fridge designed to keep skincare products cool and fresh.,4,66,79
Almond Flour Pancake Mix,5.99,40,Gluten-free pancake mix made with almond flour.,6,41,22
Window Bird Feeder with Suction Cups,28.99,38,Clear feeder that attaches to windows for bird watching.,12,3,75
Organic Whole Grain Oats,2.49,38,Whole grain oats that are perfect for breakfast or baking.,8,15,60
Mint Chocolate Chip Ice Cream,4.99,9,Creamy ice cream with refreshing mint flavor and chocolate chips.,7,13,77
Coconut Chips,3.59,59,"Crunchy, toasted coconut chips for snacking.",6,88,22
Measuring Cups Set,19.99,99,Stackable measuring cups made from stainless steel.,10,63,70
Chocolate Dipped Fruit,5.99,82,"Fruits dipped in rich chocolate, perfect for desserts.",3,83,83
Crispy Rice Treats,3.5,88,Classic marshmallow treats made with crispy rice.,7,86,49
Ribbed Knit Dress,59.99,94,A fitted ribbed knit dress that hugs your curves perfectly.,4,37,2
Collapsible Pet Dog Bowl,9.99,48,Travel-friendly dog bowl that is collapsible for easy storage.,8,70,77
Bluetooth Headphones,79.99,85,Noise-cancelling Bluetooth headphones for immersive sound.,7,19,94
Nutty Granola Clusters,2.49,6,Crunchy granola clusters mixed with nuts and honey.,9,86,3
Savory Quinoa Pudding,2.99,80,"A delicious savory quinoa pudding, great as a side dish.",12,4,92
Sriracha Honey Glaze,3.59,20,"A spicy glaze made with sriracha and honey, perfect for meats.",7,54,27
Spinach and Feta Wraps,4.99,21,Whole wheat wraps filled with spinach and feta cheese.,12,55,27
Almond Butter Cookies,4.49,98,Soft cookies made with almond butter,5,63,14
Beach Cover-Up,29.99,57,"Lightweight cover-up perfect for the beach, with a breezy design.",4,96,60
Ginger Tea,4.99,86,A soothing herbal tea made from ginger root.,3,6,73
Classic Slim Fit Shirt,49.99,30,A tailored slim fit shirt for a polished look at work.,11,2,89
Sourdough Bread,4.99,84,Artisan-made sourdough bread with a tangy flavor.,3,29,54
Organic Cucumber,1.29,55,Fresh organic cucumber perfect for salads or snacking.,10,6,99
Insulated Coffee Mug,24.99,46,Double-walled mug to keep your drink hot for longer.,12,97,32
Honey Roasted Peanuts,3.19,4,"Crunchy peanuts coated in honey, perfect for snacking.",10,25,91
Pressure Washer Accessories Kit,39.99,16,Essential attachments for pressure washing.,1,63,42
Athletic Compression Tights,39.99,90,High-performance compression tights designed for optimal support and comfort.,6,31,2
Cork Yoga Mat,39.99,19,Eco-friendly yoga mat made from sustainable materials.,9,56,88
Rechargeable Electric Screwdriver,39.99,71,Convenient electric screwdriver for DIY projects at home.,2,9,3
Smart LED Desk Lamp,39.99,58,Adjustable lamp with multiple brightness levels and colors.,6,6,71
Rechargeable Laptop Battery Pack,49.99,42,Portable battery pack to charge laptops while on the move.,12,32,72
Teriyaki Beef Strips,7.49,20,Marinated beef strips in teriyaki sauce for easy grilling.,5,100,26
Turmeric Ginger Tea,3.29,65,A soothing tea blend with turmeric and ginger for wellness.,9,54,39
Travel Organizer,22.99,25,Compact travel organizer for accessories and toiletries.,1,33,88
Memory Foam Mattress Pad,69.99,66,Extra layer of comfort for your mattress.,3,100,62
Multi-Function Smartphone Holder,12.99,70,"Versatile holder that can be used on desks, cars, and more.",1,75,13
Kettle Corn Popcorn,2.99,60,"Sweet and salty kettle corn, perfect for snacking.",10,7,2
Gaming Headset,69.99,61,Comfortable gaming headset with surround sound.,4,60,46
Silicone Baking Mats,19.99,18,Reusable silicone mats for non-stick baking.,11,3,83
Cat Scratching Post with Toys,44.99,34,Multi-level scratching post to keep your cat entertained.,7,74,97
Honeycrisp Apple Chips,3.49,31,Crispy and sweet dried apple slices,3,19,70
LED Camping Lantern with USB Charging,34.99,70,Rechargeable lantern with multiple brightness settings for outdoors.,3,48,59
Sweet Potato Chips,2.99,100,"Deliciously crunchy sweet potato chips, seasoned to perfection.",7,7,55
Avocado Lime Dressing,4.29,71,"Refreshing dressing made with avocado and lime, perfect for salads.",3,40,19
Buffalo Stilton Cheese,8.99,77,Spicy blue cheese with a hint of buffalo flavor.,8,13,95
Silicone Stretch Lids,14.99,5,Reusable silicone lids for covering food in bowls and storage containers.,1,82,60
Pineapple Teriyaki Chicken Mix,6.99,46,A perfect blend of pineapple and teriyaki for stir-fry.,1,57,96
Jigsaw Puzzle,14.99,42,500-piece jigsaw puzzle featuring beautiful scenery.,6,96,5
Savory Oatmeal,2.49,9,Oatmeal made with savory spices and vegetables.,10,41,60
Kale Chips,3.99,18,"Healthy, crunchy kale chips, a nutritious snack.",8,32,7
Watercolor Set,19.99,70,Complete watercolor set with paints and brushes.,10,64,97
Garlic Parmesan Roasted Potatoes,3.99,51,Oven-roasted potatoes tossed in garlic and parmesan cheese seasoning.,1,55,21
Buttermilk Pancakes,3.99,15,Fluffy pancakes with buttermilk flavor.,1,84,38
Organic Coconut Flakes,3.49,39,Unsweetened coconut flakes for baking and snacking.,9,63,33
Classic Vanilla Fudge,4.49,7,"Creamy vanilla fudge, a sweet treat for all occasions.",5,67,78
Spicy Thai Noodles,1.99,38,Instant noodles with a spicy Thai sauce for quick meals.,11,57,6
Adjustable Stand for Tablets and Smartphones,19.99,74,Multi-angle stand for easy viewing of devices.,5,49,14
Maple Cinnamon Granola Bars,3.49,20,Chewy granola bars with maple and cinnamon flavor.,11,31,50
Hummus Trio Pack,5.49,100,"A variety pack of classic, roasted red pepper, and garlic hummus.",4,74,52
Desk Lamp with USB Port,29.99,66,Modern desk lamp that features a built-in USB charging port.,4,100,70
Chocolate Fudge Brownie Mix,2.99,61,Just add water for delicious brownies.,8,18,64
Personalized Cutting Board,34.99,94,Custom cutting board made from high-quality wood.,4,90,87
Repair Tool Set for Home Improvement,29.99,96,Small toolkit with essentials for home repairs.,7,10,74
Ice Cube Tray with Lid,10.99,90,Silicone tray for making ice cubes with a lid to prevent spills.,4,19,8
Teriyaki Sauce,2.99,81,Sweet and savory sauce for marinating and glazing meats or vegetables.,6,89,67
Organic Coconut Flour,5.49,86,Finely ground flour from dried coconut meat.,8,87,48
Marinara Sauce,3.49,93,Classic marinara sauce for all pasta dishes.,1,41,77
Frozen Fruit Medley,5.99,30,"A mix of strawberries, blueberries, and raspberries, perfect for smoothies.",11,69,66
Hot Dog Buns,2.49,5,Soft buns perfect for stuffing with your favorite hot dogs.,11,51,49
Magnetic Spice Jars,24.99,40,Convenient magnetic jars for easy spice storage.,5,44,45
Wooden Blocks,24.99,35,Classic wooden building blocks for toddlers.,11,76,1
Walnut Halves,8.49,26,Fresh walnut halves for baking or snacking.,9,6,36
Vintage Button-Down Shirt,45.99,34,A retro-style button-down shirt with a relaxed fit.,8,33,47
Granola Cereal,4.49,83,"Crunchy granola with oats, nuts, and honey.",2,7,48
Natural Soy Candles,19.99,11,Eco-friendly soy candles with a variety of scents.,7,80,59
Sesame Ginger Dressing,4.09,26,"Tangy dressing perfect for salads and marinades, with sesame and ginger flavors.",4,16,38
Travel Shoe Bags Set,15.99,56,Set of breathable bags for organizing shoes while traveling.,4,24,89
Chili Garlic Sauce,2.49,74,"Spicy sauce made with chili peppers and garlic, great for stir-frying.",12,27,29
Chocolate Hazelnut Granola,4.49,82,Crunchy granola with chocolate and hazelnuts for breakfast.,2,20,29
Mini Fondue Set,34.99,98,Complete fondue set for chocolate and cheese parties.,10,87,69
Thermostatic Shower Valve Kit,39.99,27,Regulate water temperature for safe and comfortable showers.,2,70,4
Apple Cinnamon Granola,4.49,52,A wholesome granola with bits of apple and a touch of cinnamon.,7,25,66
Sushi Rice,3.99,70,Short-grain sushi rice for perfect rolls.,2,46,96
Ice Cube Tray with Lid,10.99,44,Silicone tray for making ice cubes with a lid to prevent spills.,9,9,43
Vegetable and Cheese Quesadillas,6.99,89,Flour tortilla filled with cheese and a medley of vegetables.,6,82,89
Travel Laundry Bag,9.99,76,Compact laundry bag for travel use.,8,28,25
Survival Gear Kit,59.99,93,Essential survival gear kit for emergencies.,7,36,59
Bicycle Repair Kit,14.99,24,Essential tools for on-the-go bike maintenance.,11,78,19
Multi-Function Smartphone Holder,12.99,29,"Versatile holder that can be used on desks, cars, and more.",2,11,6
Peanut Butter Protein Balls,5.29,17,No-bake energy bites made with peanut butter and oats.,9,43,1
Electric Meat Grinder,89.99,33,Powerful grinder for making sausage and burgers at home.,8,11,50
Zucchini Noodles,3.99,22,"Spiralized zucchini, a healthy alternative to pasta.",11,14,69
Smartphone Car Mount with Wireless Charging,39.99,42,Secure phone mount that wirelessly charges your device while driving.,6,35,60
Slim Fit Chinos,54.99,34,Comfortable slim fit chinos for a polished look.,8,13,79
Zesty Garlic Hummus,3.99,43,Creamy chickpea dip infused with zesty garlic flavor.,5,76,90
Chocolate Dipped Fruit,5.99,30,"Fruits dipped in rich chocolate, perfect for desserts.",5,7,71
High-Quality Yoga Mat,34.99,16,Non-slip mat designed for yoga and fitness exercises.,8,62,73
Ice Cream,5.99,15,"Rich and creamy ice cream, available in various flavors.",4,75,89
Greek Yogurt,1.99,80,Creamy Greek yogurt packed with protein and probiotics.,9,37,44
Strawberry Banana Smoothie Pack,4.99,62,Frozen smoothie pack with strawberries and bananas.,5,13,9
Almond Butter Cups,3.29,75,"Rich chocolate cups filled with almond butter, a delicious treat.",6,31,43
Smart Plug,19.99,72,Wi-Fi enabled plug for controlling devices from your smartphone.,9,89,61
Air Fryer,79.99,95,Compact air fryer for healthier cooking.,6,70,42
Ginger Turmeric Latte Mix,5.29,95,A warming blend of ginger and turmeric for lattes.,11,7,98
Electric Opener for Jars and Bottles,24.99,89,Easily opens jar lids and bottle caps with one touch.,6,73,43
Chickpea Snack Mix,3.49,38,"Crunchy, seasoned chickpeas for a wholesome snack.",9,19,56
Gardening Gloves with Claws,24.99,31,Durable gloves with built-in claws for digging and planting.,12,74,28
Andouille Sausage,5.49,77,Spicy and smoky sausage great for grilling.,10,49,49
Honey Ginger Tea,2.99,53,"Soothing tea with honey and ginger, great for relaxation.",10,4,88
Cinnamon Sugar Donuts,4.99,77,Delicious mini donuts dusted with cinnamon sugar.,8,82,49
Comfort Flats,44.99,60,Everyday flats that combine comfort and style.,2,80,29
Herbal Tea Infuser,9.99,45,Infuser for brewing loose-leaf herbal teas easily.,8,20,82
Essential Oil Roller Bottles,19.99,9,Set of roller bottles for blending and applying essential oils.,2,83,18
Woven Storage Baskets,24.99,35,Stylish baskets for organizing various items in your home.,11,25,3
Leather Biker Jacket,129.99,36,Stylish black leather jacket featuring a zip-up front and multiple pockets.,9,79,10
Fishing Tackle Box,24.99,13,Organized tackle box for fishing gear.,8,37,96
BBQ Sauce,3.49,55,"A smoky barbecue sauce, ideal for grilling and dipping.",1,28,57
Garden Hose Reel,49.99,64,Compact hose reel to keep your garden tidy.,8,15,95
Peach Mango Smoothie,3.49,19,A refreshing blend of peaches and mangoes for a delicious smoothie.,7,76,89
Fitbit Activity Tracker,99.99,13,Advanced wristband that tracks daily activities and sleep.,3,75,45
Maple Bacon Potato Chips,2.89,30,Savory potato chips with a hint of maple sweetness and crispy bacon flavor.,8,55,61
Smartphone Tripod with Remote,29.99,65,Adjustable tripod with remote shutter for smartphones.,2,7,47
Magnetic Spice Jars,24.99,15,Convenient magnetic jars for easy spice storage.,5,76,95
Kids Tablet,129.99,77,Durable tablet designed for kids with parental controls.,5,63,30
Spicy Tuna Rolls,6.49,27,"The perfect seafood snack, ready to eat and delicious.",2,41,48
Electric Rice Cooker,39.99,48,Multi-function rice cooker for all types of rice recipes.,4,66,87
Herb Drying Rack,22.99,58,Mesh drying rack for preserving herbs and flowers.,3,46,35
Avocado Oil,8.49,52,"A healthy oil extracted from avocados, ideal for frying and salads.",7,78,71
Chickpea Pasta,4.19,100,Healthy pasta alternative made from chickpeas,2,72,97
Whole Wheat Pita Bread,2.79,11,"Soft and fluffy whole wheat pita bread, great for wraps.",5,83,56
Herb-Infused Olive Oil,8.99,67,Premium olive oil infused with herbs for enhanced flavor.,3,62,25
Weighted Blanket for Adults,59.99,95,A calming blanket that provides gentle pressure for relaxation.,12,60,66
Electric Razor,59.99,4,Rechargeable electric razor for a smooth shave.,11,19,72
Collapsible Folding Chair,29.99,42,Lightweight and portable chair for camping or events.,2,45,10
Graphic Sweatshirt,34.99,17,A comfortable sweatshirt featuring a bold graphic print.,1,12,62
Ground Cinnamon,1.99,20,Freshly ground cinnamon spice for baking or seasoning.,1,23,86
Olive Oil,7.99,18,"Extra virgin olive oil, ideal for cooking and salads.",11,49,51
LED Flashlight with Rechargeable Batteries,19.99,69,Bright flashlight with rechargeable batteries included.,4,89,97
Savory Trail Mix,4.29,80,"A blend of nuts, seeds, and spices for a healthy snack.",12,45,100
Electric Razor,59.99,55,Rechargeable electric razor for a smooth shave.,2,92,79
Organic Spinach,2.99,33,"Fresh organic spinach, great for salads or cooking.",1,45,11
Honey Roasted Peanuts,3.19,64,"Crunchy peanuts coated in honey, perfect for snacking.",7,49,25
Portable Phone Mug Holder,14.99,44,Convenient holder for drinks and phones while driving.,5,4,44
Tea Infuser Bottle,19.99,26,Bottle with infuser for brewing loose-leaf tea on the go.,5,92,64
High-Quality Yoga Mat,34.99,96,Non-slip mat designed for yoga and fitness exercises.,3,34,21
Stick Vacuums Cleaner,129.99,38,Cordless vacuum cleaner for quick clean-ups.,7,77,17
Glass Tea Pot,34.99,17,Elegant glass teapot for brewing loose tea.,11,33,52
Gaming Mousepad,19.99,85,Oversized gaming mousepad with smooth surface.,7,56,40
Ramen Noodles,0.99,94,Quick-cooking ramen for instant meals.,2,94,70
Organic Black Beans,1.29,39,"Versatile canned black beans, ready to add to any dish.",2,59,42
Mini Cordless Vacuum Cleaner,45.99,64,Handheld vacuum cleaner for quick and easy cleaning.,2,44,12
Pet Food Storage Container,24.99,54,Airtight container to keep pet food fresh.,7,25,80
Garlic Breadsticks,3.49,21,"Ready-to-bake garlic breadsticks, perfect with pasta dishes.",4,59,52
Pet Travel Bowl,10.99,6,Collapsible travel bowl for pets on the go.,2,7,22
Digital Drawing Tablet,79.99,14,Tablet for digital drawing and illustration work.,11,89,28
Mini Cordless Vacuum Cleaner,45.99,97,Handheld vacuum cleaner for quick and easy cleaning.,9,50,48
Vegetable Stir-Fry Kit,6.99,46,"A mix of fresh vegetables with a savory stir-fry sauce, ready to cook.",8,92,63
Mediterranean Flatbread,3.5,87,"Artisan bread topped with olives, feta, and herbs, perfect for sharing.",4,40,85
Almond Flour Pancake Mix,5.99,46,Gluten-free pancake mix made with almond flour.,6,42,63
Car Sunshade,19.99,24,Windshield sunshade for car interior protection.,6,42,48
Coconut Curry Chicken,9.99,91,"Tender chicken cooked in a rich coconut curry sauce, ready to heat and serve.",7,28,11
Car Vacuum Cleaner,39.99,16,Compact vacuum designed specifically for cleaning vehicles.,5,27,78
Picnic Blanket,29.99,83,Waterproof picnic blanket for outdoor fun.,7,35,53
Oven-Baked Chicken Tenders,6.99,21,"Crispy and juicy chicken tenders, perfect for dipping.",3,99,21
Chocolate Protein Powder,24.99,22,Rich chocolate protein powder for smoothies and baking.,4,18,31
Cat Scratching Post with Toys,44.99,30,Multi-level scratching post to keep your cat entertained.,7,73,83
Smartphone Car Mount with Wireless Charging,39.99,77,Secure phone mount that wirelessly charges your device while driving.,10,50,38
Butternut Squash Ravioli,6.29,77,"Delicate ravioli filled with roasted butternut squash and spices, perfect with a sage butter sauce.",9,46,86
Puffed Rice Cake,2.49,31,Low-calorie rice cake for snacks.,10,2,29
Compressed Towel Tablets,12.99,34,"Compact towels that expand when wet, ideal for travel.",6,18,82
Smart Doorbell,119.99,64,Wi-Fi enabled doorbell with HD camera and two-way audio.,1,38,83
Pecan Pie Filling,3.99,35,Sweet and nutty filling for delicious homemade pecan pie.,11,29,49
Inflatable Pool Float,29.99,70,Fun inflatable float for lounging in the pool or beach.,6,74,29
Mango Salsa,3.49,73,Fresh mango salsa with a hint of lime for a zesty topping.,2,77,27
Almond Flour,5.99,10,"Gluten-free almond flour, perfect for baking.",6,9,24
Magic Color-Changing Mug,14.99,76,Heat-sensitive mug that changes color when filled with hot liquid.,11,42,72
Hiking Gaiters,29.99,96,Protective gaiters to keep dirt and debris out of shoes during hikes.,6,41,84
Incense Holder,14.99,36,Ceramic incense holder for a calming atmosphere.,7,97,39
Kids' Craft Supplies Set,24.99,81,Variety pack of craft supplies for kids' projects.,12,85,92
Maple Cinnamon Granola Bars,3.49,85,Chewy granola bars with maple and cinnamon flavor.,10,22,48
Self-Stirring Mug,19.99,31,Automated stirring for your drinks with just a press of a button.,11,64,26
LED Flashing Pet Collar,14.99,77,Safety collar with flashing lights for pets during night walks.,10,27,75
Digital Photo Frame,79.99,94,Wi-Fi-enabled digital frame for displaying photos.,1,97,14
Artisan Pickles,2.49,86,Tangy and crunchy dill pickles.,4,36,25
Lightweight Travel Backpack,39.99,30,Compact and portable backpack for day trips and travel.,12,20,84
Handcrafted Wooden Coasters,19.99,82,Set of unique wooden coasters for drinks and decor.,3,80,17
Creamy Tomato Basil Soup,3.29,36,"Rich and creamy tomato basil soup, perfect with a grilled cheese.",8,53,38
Portable Solar Camp Shower,29.99,82,Portable solar shower for camping and outdoor use.,11,85,33
Cheese Stuffed Jalapenos,5.99,57,"Spicy jalapenos stuffed with cheese, ideal for appetizers.",12,32,47
Travel Jewelry Case,24.99,23,Portable case to organize and protect jewelry on trips.,7,69,70
Hand Crank Blender,18.99,31,Manual blender for smoothies and mixing ingredients on the go.,3,35,6
Stainless Steel BBQ Grill Set,49.99,85,Essential tools for outdoor barbecues including tongs and spatula.,9,39,4
Organic Granola Cereal,5.99,71,Crunchy granola made with organic oats,1,80,10
High-Speed Blender,99.99,42,Powerful blender for smoothies and soups.,3,3,26
Multifunctional Pocket Tool,19.99,67,Compact pocket tool with various built-in functions.,4,29,70
Chocolate Chip Cookie Dough,5.49,41,Ready-to-bake cookie dough packed with chocolate chips.,9,31,59
Honey Glazed Carrots,3.49,87,"Sweet and savory carrots glazed in honey, perfect as a side dish.",12,69,90
Electric Wine Opener,29.99,69,Rechargeable electric wine opener for effortless uncorking.,9,66,77
Chipotle Black Bean Salad,3.29,11,"A zesty salad with black beans, corn, and chipotle dressing.",11,3,68
Honey mustard chicken tenders,7.99,90,Golden crispy chicken tenders coated with honey mustard flavor.,3,84,11
Sweet Corn Fritters,4.49,42,Golden-brown fritters made with sweet corn.,2,56,46
Coconut Cream Pie,9.49,45,Delicious pie filled with coconut cream and topped with whipped cream.,2,79,26
Self-Adhesive Wallpaper,34.99,95,Peel and stick wallpaper for easy home decor changes.,1,19,47
Organic Quinoa Salad,5.99,81,A refreshing salad made with quinoa and seasonal veggies.,10,50,28
Children's Backpack,29.99,48,Stylish and functional backpack for school or trips.,10,36,1
Walnut Halves,8.49,45,Fresh walnut halves for baking or snacking.,10,68,21
Wireless Gaming Headset,89.99,22,Comfortable headset with surround sound for immersive gaming.,12,36,58
Chocolate Mint Thins,2.99,50,Mint-flavored chocolate candies for a refreshing treat.,10,7,18
Garlic and Herb Cream Cheese,3.49,93,Spreadable cream cheese with garlic and herbs.,9,94,46
Raspberry Vanilla Greek Yogurt,3.49,53,Creamy Greek yogurt infused with raspberry and vanilla flavors.,12,49,77
Black Bean & Corn Salad,3.99,40,"A fresh salad made with black beans, corn, and a zesty dressing, great for summer cookouts.",11,29,11
Mini Cordless Vacuum Cleaner,45.99,50,Handheld vacuum cleaner for quick and easy cleaning.,8,54,19
Travel Mug,18.99,72,Stainless steel travel mug with spill-proof lid.,10,94,49
Vegetable Chips,3.99,6,Crispy and crunchy snack made from assorted vegetables.,3,22,95
Oven Mitts,15.99,90,Silicone oven mitts for safe handling of hot cookware.,12,100,89
Luxe Velvet Blazer,89.99,48,Elevate your outfit with this sophisticated velvet blazer.,6,18,72
Portable Projector,199.99,30,Compact projector for movies and presentations on the go.,4,100,65
Portable Speaker Stand,39.99,80,Adjustable stand for portable speakers and devices.,2,75,40
Chipotle Seasoning Blend,2.49,71,A smoky blend of spices for grilling and roasting.,7,40,91
Vegan chocolate chip cookies,4.79,56,"Delicious soft cookies, dairy-free and egg-free, perfect for treats.",10,32,16
Portable Camping Shower,39.99,91,Convenient shower system for camping and outdoor activities.,2,15,4
Beef Taco Skillet,8.49,4,A convenient meal kit for making a delicious beef taco skillet at home.,8,79,63
Cheesy Broccoli Soup Mix,2.99,8,Just add water for a hearty cheese and broccoli soup in minutes.,1,83,90
Energy Bites,3.99,97,Healthy energy bites made with oats and natural sweeteners.,8,79,44
Fruit & Nut Trail Mix,4.99,46,"A blend of dried fruits and nuts, great for snacking.",6,52,62
Pepper Jack Cheese Sticks,2.49,56,"A spicy, flavorful cheese stick great for snacks or lunchboxes.",3,76,15
LED Canopy Lights,29.99,67,Energy-efficient lights to illuminate outdoor areas.,11,49,15
Dish Soap Dispenser,18.99,70,Stylish dish soap dispenser with sponge holder.,7,82,62
Plant Pot Drip Trays,9.99,49,Prevent water damage with drip trays for potted plants.,4,16,6
Compost Bin,29.99,19,Countertop compost bin for kitchen waste.,9,74,99
Chewy Granola Bars,3.49,35,Oats and honey bars with a chewy texture and nutty flavor.,11,98,95
Fitness Resistance Bands Kit,29.99,8,Set with various resistance bands for workouts.,3,25,45
Flavored Popcorn Mix,2.99,96,Popcorn tossed with sweet or savory flavors for a tasty snack.,3,94,14
Smartphone Projector Kit,24.99,16,DIY kit to convert your smartphone into a mini projector.,7,97,46
Sun Protection Clothing,44.99,57,UV-blocking clothing for outdoor activities.,6,45,67
Digital Food Scale,22.99,26,Precision digital scale for accurate cooking measurements.,8,32,68
Automatic Pet Feeder,69.99,41,Programmable pet feeder for scheduled meals.,7,2,1
LED Desk Lamp with USB Charging,39.99,61,Stylish desk lamp featuring a USB charging port.,8,34,93
Magnetic Phone Case,19.99,96,Stylish case with magnetic closure for smartphones.,5,36,64
Voice-Controlled Speaker,99.99,71,Smart speaker with Alexa and music streaming features.,1,1,57
Black Bean Soup,3.49,17,"Spicy and flavorful soup made with black beans, perfect as a meal or starter.",9,44,60
Foldable Electric Scooter,349.99,71,Compact electric scooter for commuting and short trips.,12,86,19
Fitness Tracker with Heart Rate Monitor,59.99,95,Wearable device to track fitness activities and heart rate.,7,80,5
Tabletop Fire Pit,79.99,62,Compact and stylish indoor/outdoor fire pit for ambiance.,11,3,54
Garlic Butter Shrimp,8.99,80,"Frozen shrimp sautéed in garlic butter, ready to thaw and serve over pasta or rice.",8,75,96
Compressible Packing Cubes,29.99,47,Organizational cubes for easy packing and travel.,3,7,7
Woven Storage Baskets,24.99,35,Stylish baskets for organizing various items in your home.,1,70,35
Wild Rice & Quinoa Mix,2.99,51,"Nutritious blend of wild rice and quinoa, perfect as a side dish.",1,12,73
Honey Mustard Dip,3.29,11,Sweet and tangy honey mustard dip for snacks.,1,33,19
Noise Reduction Headphones,39.99,7,Passive noise reduction headphones for focus.,4,81,26
Smart Thermostat,149.99,8,Wi-Fi enabled thermostat for energy-saving temperature control.,9,93,45
Graphic Hoodie,49.99,94,Bold graphic hoodie featuring a comfortable fit and soft fabric.,1,33,69
Oven-Baked Parmesan Zucchini,4.99,30,"Frozen zucchini slices coated in parmesan cheese, perfect for baking or frying.",1,25,81
Sketchbook,14.99,42,High-quality sketchbook for artists.,7,52,61
Organic Green Lentils,3.99,94,"Nutty flavored lentils, perfect for soups and salads.",10,15,87
Ice Pack,8.99,65,Reusable gel ice pack for injuries and cooling.,10,53,29
Sour Cream,3.49,30,"Tangy sour cream, perfect for dips and toppings.",2,44,59
Spicy Tuna Sushi Kit,8.99,70,Everything you need to make delicious spicy tuna rolls at home.,11,60,53
Beef Stew Meat,5.99,7,Tender beef chunks for slow-cooked stews.,8,25,11
Home Karaoke System,129.99,28,Complete karaoke system with microphones and speakers.,11,78,72
Asian Salad Mix,3.99,22,Fresh greens and veggies for a quick Asian-inspired salad.,8,45,99
Granola Cereal,4.49,24,"Crunchy granola with oats, nuts, and honey.",7,38,99
Vegetable Chips,3.99,88,Crispy and crunchy snack made from assorted vegetables.,4,11,99
Cheesy Cauliflower Bake,5.49,9,"A frozen cheesy bake made with cauliflower, great as a side dish or a vegetarian meal.",1,66,29
Beef Stroganoff Mix,5.49,47,Everything you need to create a hearty beef stroganoff.,6,32,94
Savory Rice Cakes,2.5,25,"Lightly salted rice cakes, perfect for a healthy snack.",9,14,95
Kids' Gardening Kit,24.99,77,Complete set designed for children to learn gardening.,5,93,6
Vegetarian Sausage Links,5.89,39,Plant-based sausage links with spices and herbs.,1,29,25
Non-Stick Grill Pan,39.99,84,Heavy-duty grill pan for indoor grilling.,5,50,24
Sweet Potato Tots,4.29,56,"Crispy sweet potato bites, delicious as a side or snack.",12,68,82
Organic Blueberries,5.49,76,Fresh organic blueberries perfect for snacking or baking.,11,53,40
Ramen Noodles,0.99,82,Quick-cooking ramen for instant meals.,6,52,100
Fitness Jump Box,69.99,17,Durable and adjustable jump box for effective workouts.,5,88,91
Wireless Gaming Headset,89.99,26,Comfortable headset with surround sound for immersive gaming.,9,98,90
Rustic Italian Breads,3.99,62,Freshly baked artisan bread with a crisp crust and soft center.,2,53,93
Pineapple Coconut Yogurt,4.49,86,Creamy yogurt blended with fresh pineapple and coconut pieces.,3,100,26
Smartphone Hand Grip,9.99,11,Sturdy grip to hold your phone securely while taking selfies.,12,40,86
Pet Grooming Scissors,16.99,62,Quality scissors designed for easy pet grooming.,7,44,74
Jennifer's Amazing Lip Balm Kit,22.99,29,DIY kit to make your own lip balms in various flavors.,9,16,76
Peanut Butter Protein Balls,5.29,85,No-bake energy bites made with peanut butter and oats.,9,95,73
Whole Chicken,12.99,51,"A whole free-range chicken, ready for roasting.",12,31,46
Air Fryer,79.99,53,Compact air fryer for healthier cooking.,6,100,35
Fresh Cilantro,1.49,12,"Bright and fragrant cilantro, great for garnishes.",6,71,38
Sun Protection Clothing,44.99,68,UV-blocking clothing for outdoor activities.,9,18,89
LED Strip Lights Kit,29.99,80,DIY LED strip lights with remote control.,4,15,74
Indestructible Dog Toy,15.99,45,Durable toy designed for heavy chewers.,3,79,33
Linen Trousers,44.99,64,Breathable linen trousers perfect for hot weather.,11,56,68
Honey Ginger Tea,2.99,63,"Soothing tea with honey and ginger, great for relaxation.",5,46,67
3D Night Light,19.99,8,Color-changing 3D night light for kids' rooms.,12,1,18
Stylish Wide-Leg Trousers,59.99,95,Fashionable wide-leg trousers for a chic silhouette.,8,35,43
Maxi Wrap Dress,49.99,47,A flowy maxi dress perfect for both casual and semi-formal occasions.,12,42,18
Mango Chunks,4.89,47,Frozen mango chunks for smoothies or snacking.,4,1,10
Frozen Acai Purée,6.99,79,Unsweetened frozen acai purée for smoothies and bowls.,2,94,52
Truffle Parmesan Fries,4.99,31,"Crispy fries tossed in truffle oil and parmesan, a gourmet snack.",8,67,25
Herbal Tea Sampler Box,29.99,27,Assorted collection of herbal teas for relaxation and wellness.,12,58,45
Adjustable Laptop Stand,29.99,69,Ergonomic stand for laptops to improve posture while working.,6,77,8
Pasta Sauce Mix,1.29,85,Just add water for a quick pasta sauce.,11,49,67
Relaxed Fit Henley Shirt,29.99,99,"A comfortable henley shirt made of soft cotton, perfect for casual outings.",10,32,18
Fresh Lemons,0.75,98,Citrusy lemons perfect for drinks and cooking.,7,92,92
Beef Sirloin Steak,15.99,19,"Juicy and tender beef sirloin steak, grass-fed.",8,43,72
Sculpting Kit,25.99,43,Complete sculpting tools for artists.,7,64,94
Garlic Herb Seasoning,1.99,85,A blend of herbs and garlic for seasoning meats and vegetables.,3,6,92
Chili Beans (canned),1.69,84,"Canned beans with chili sauce, perfect for chili dishes.",6,27,52
Ground Cinnamon,1.99,48,Freshly ground cinnamon spice for baking or seasoning.,8,85,32
Mesh Sports Leggings,39.99,75,Breathable mesh sports leggings for ultimate comfort.,3,100,61
Relaxed Fit Henley Shirt,29.99,26,"A comfortable henley shirt made of soft cotton, perfect for casual outings.",7,63,3
Almond Milk Yogurt,1.99,83,"Creamy yogurt made from almond milk, vegan-friendly.",3,21,96
Organic Coconut Yogurt,4.49,12,Dairy-free yogurt made from coconut milk.,4,71,11
Lemon Herb Chicken,7.49,54,Marinated chicken grilled with lemon and herbs.,6,84,33
Smartphone Tripod with Remote,29.99,95,Adjustable tripod with remote shutter for smartphones.,1,14,69
Desk Lamp with USB Port,29.99,98,Modern desk lamp that features a built-in USB charging port.,6,72,54
Portable Dog Water Bottle,18.99,34,Convenient water bottle for pets on the go.,11,90,53
Knitted Infinity Scarf,29.99,73,A warm knitted scarf to keep you cozy in winter.,9,92,19
Spinach and Ricotta Ravioli,6.49,6,Delicious ravioli filled with creamy ricotta and fresh spinach.,10,96,46
Mediterranean Couscous Salad,5.49,25,"Couscous salad with cucumbers, tomatoes, feta, and olives, ready to eat.",10,42,50
Outdoor Camping Hammock,29.99,19,Lightweight and durable hammock for relaxing in nature.,5,86,26
Black Bean Salsa,3.49,6,Spicy salsa made with black beans and tomatoes.,12,25,62
Silicone Baking Mats,19.99,19,Reusable silicone mats for non-stick baking.,1,15,70
Chocolate Chip Cookie Mix,2.49,98,Everything you need to bake delicious chocolate chip cookies.,11,5,76
Caramel Apple Chips,3.49,66,Crispy apple chips drizzled with caramel for a sweet treat.,7,72,17
Outdoor Portable Fire Pit,149.99,54,Compact fire pit for campfires and gatherings.,8,64,37
Travel Pillow with Memory Foam,29.99,61,Ergonomically designed neck pillow for comfortable travel.,1,25,11
Maple Bacon Potato Chips,2.89,22,Savory potato chips with a hint of maple sweetness and crispy bacon flavor.,8,62,2
Memory Foam Pillow,39.99,92,Ergonomic memory foam pillow for better sleep.,4,81,44
Floral Summer Dress,39.99,8,Light and breezy dress perfect for summer outings with a vibrant floral pattern.,5,34,8
Lemon Dill Salmon,9.99,97,"Salmon fillets seasoned with lemon and dill, perfect for grilling.",12,69,22
Peas (frozen),1.89,85,"Frozen green peas, a great addition to meals.",1,96,54
Barbecue Chicken Pizza,8.99,67,"Pizza topped with barbecue chicken, cheese, and red onions.",6,83,82
Red Lentils,1.99,86,Nutritious and quick-cooking red lentils.,2,44,55
Chopping Board,29.99,19,Reversible bamboo chopping board for food prep.,1,98,65
Instant Read Meat Thermometer,24.99,46,Fast and accurate thermometer for grilling and cooking.,9,65,9
Camera Tripod,49.99,26,Sturdy camera tripod for professional photography.,1,47,21
Dark Chocolate Bars,2.99,78,"Rich dark chocolate bars, perfect for a sweet treat.",11,49,54
Outdoor Adventure Backpack,59.99,31,Durable backpack for hiking or travel.,12,23,53
Multi-Port USB Hub,19.99,43,USB hub for expanding ports on computers and laptops.,8,65,72
Sports Bottle,15.99,54,BPA-free sports bottle with flip-top lid.,7,100,87
Fitness Activity Journal,14.99,81,Journal to record workouts and nutrition.,3,45,19
Garlic Naan Bread,3.99,52,"Soft and delicious garlic-infused flatbread, perfect for dipping.",6,89,57
Pet Travel Carrier,39.99,3,Comfortable carrier for small pets during travel.,3,95,67
Blackberry Jam,4.29,68,Delicious homemade style blackberry jam.,4,47,25
Ground Cinnamon,1.99,67,Freshly ground cinnamon spice for baking or seasoning.,8,74,36
Desk Organizer Set,29.99,68,Stylish desk set to keep your workspace tidy and organized.,11,40,47
Almond Flour Brownies,5.99,55,Deliciously rich brownies made with almond flour.,3,24,54
Rolling Cooler,59.99,52,Wheeled cooler for transporting drinks and snacks.,1,83,31
Electric Griddle with Removable Plates,59.99,75,Non-stick surface for easy cooking and cleaning.,6,46,36
Fitness Resistance Bands Set,34.99,55,Variety of bands suitable for all fitness levels.,2,54,82
Portable Bluetooth Speaker,49.99,88,Compact Bluetooth speaker with rich sound quality.,1,16,95
Portable Camping Stove,49.99,80,Compact camp stove for outdoor cooking.,9,1,85
Ultraviolet Phone Sanitizer,39.99,98,UV sanitizer that kills germs on your smartphone.,8,58,98
Fitness Resistance Bands,29.99,9,Set of resistance bands for home workouts.,8,50,17
Spinach and Cheese Quiche,5.49,46,Savory quiche loaded with spinach and cheese.,11,68,51
Quinoa,4.49,100,"Protein-rich quinoa, a great alternative to rice.",8,13,49
Garlic & Herb Goat Cheese,5.49,16,"Creamy goat cheese infused with herbs and garlic, perfect for spreading on crackers.",6,65,45
Hiking Water Bottle with Filter,29.99,38,8oz water bottle with built-in filter for clean drinking water.,5,27,93
Folding Table,59.99,60,Portable folding table for outdoor events.,7,72,60
Hibiscus Herbal Tea,3.29,99,"Floral and refreshing herbal tea, great hot or iced.",10,36,45
Hummus Trio Pack,5.49,16,"A variety pack of classic, roasted red pepper, and garlic hummus.",3,18,62
Italian Marinara Sauce,3.29,17,"Classic marinara sauce for pasta, pizza, or dipping.",8,66,98
Travel Luggage Scale,14.99,9,Digital scale to avoid overweight baggage fees.,6,54,82
Pasta (Linguine),1.89,62,"Thin, flat pasta perfect for various sauces.",5,75,75
Camera Lens Cleaning Kit,14.99,46,Complete cleaning kit for camera lenses.,6,16,47
Digital Food Scale,22.99,39,Precision digital scale for accurate cooking measurements.,11,82,39
Classic Caesar Salad Kit,4.99,50,Everything you need for a fresh and delicious Caesar salad.,3,84,13
Thai Red Curry Paste,3.99,74,Spicy and flavorful curry paste for authentic Thai dishes.,12,75,56
Folding Table,59.99,10,Portable folding table for outdoor events.,1,90,76
Handcrafted Wooden Coasters,19.99,59,Set of unique wooden coasters for drinks and decor.,10,97,76
Honey Sesame Cashews,4.49,73,Roasted cashews coated in honey and sesame seeds for a sweet treat.,2,78,39
Savory Quinoa Pudding,2.99,76,"A delicious savory quinoa pudding, great as a side dish.",10,100,34
Sweet Corn Fritters,4.49,26,Golden-brown fritters made with sweet corn.,1,4,53
Maple Bacon Popcorn,3.49,48,Savory popcorn flavored with maple syrup and bacon bits.,2,5,39
Professional Chef Knife,89.99,61,High-carbon stainless steel chef knife for precision cutting.,9,27,7
Wireless Smart Plug,19.99,26,Control home appliances remotely using your smartphone app.,4,42,41
Almond Coconut Granola,3.99,53,Crunchy granola with almonds and coconut.,9,57,26
Wine Glasses,29.99,40,Set of elegant wine glasses for special occasions.,11,57,36
Hiking Boots,79.99,42,Comfortable hiking boots for outdoor adventures.,8,38,18
Habanero Hot Sauce,3.79,87,Fiery hot sauce made with fresh habaneros and spices.,3,61,43
Crispy Chickpeas,2.99,15,Roasted chickpeas seasoned for a crunchy snack.,11,95,22
Almond Butter Granola Bars,4.99,56,"Crunchy granola bars made with almond butter, oats, and honey, perfect for on-the-go snacking.",11,80,11
Smartphone Projector,29.99,94,DIY projector that magnifies your smartphone screen for movie nights.,12,75,25
Mobile Workbench,199.99,23,Sturdy mobile workbench with storage options.,5,2,95
Portable Laptop Table,39.99,44,Foldable table for working with laptops anywhere.,7,42,53
Pasta Salad Kit,5.99,28,All-in-one kit for making pasta salad easily.,2,89,87
Wireless Gaming Mouse,39.99,40,Ergonomic mouse designed for gamers with high DPI.,10,46,89
Sweetened Condensed Milk,1.89,55,Rich and creamy milk perfect for baking or desserts.,7,99,49
Solar Garden Lights,39.99,27,Energy-efficient lights that charge during the day and illuminate at night.,5,26,50
Toasted Coconut Granola,4.99,84,"Crunchy granola with toasted coconut flakes, perfect for breakfast or snacks.",11,75,54
Ultra-Thin Laptop Sleeve,19.99,51,Sleek and protective sleeve for laptops and tablets.,4,23,100
Dish Rack,24.99,44,Collapsible dish rack for kitchen countertop use.,11,60,66
Spaghetti and Meatball Dinner Kit,7.99,42,"All-in-one meal kit including pasta, meatballs, and sauce for a quick dinner.",9,26,63
Camping Tent,79.99,15,Spacious 2-person camping tent with waterproof cover.,9,68,45
Spicy Chicken Wings,9.99,83,"Wide range of flavored wings, perfect for parties or casual snacking.",7,47,71
Sliced Strawberries,4.99,82,Fresh sliced strawberries for toppings or snacking,12,93,14
Chocolate Chip Cookie Dough,5.49,24,Ready-to-bake cookie dough packed with chocolate chips.,5,61,28
Herb Drying Rack,22.99,48,Mesh drying rack for preserving herbs and flowers.,4,45,73
Smoked Paprika Chicken Thighs,6.99,53,Marinated chicken thighs with smoked paprika for a smoky flavor.,9,85,5
Ramen Noodle Soup Cups,1.29,49,Instant ramen cups with flavor-packed broth.,3,90,12
Sriracha Sauce,3.19,61,Spicy chili sauce for an extra kick in your meals.,6,3,7
Wall-Mounted Spice Rack,39.99,52,Space-saving rack to store and organize spices conveniently.,5,33,55
Pet Hair Removal Brush,14.99,33,Effective brush for removing loose hair from pets.,10,79,71
Chickpea Salad Deluxe,4.29,99,"Chickpeas mixed with fresh vegetables and herbs, a nutritious snack or salad.",10,39,98
Sculpting Kit,25.99,63,Complete sculpting tools for artists.,6,75,58
Organic Cucumber,1.29,96,Fresh organic cucumber perfect for salads or snacking.,12,90,41
Safety Pin Dispenser,5.99,5,Handy dispenser for quick access to safety pins.,4,44,36
Fresh Lemons,0.75,99,Citrusy lemons perfect for drinks and cooking.,10,44,93
Spicy Thai Coconut Soup,3.99,75,"A ready-to-eat soup with coconut milk, spices, and vegetables.",8,54,97
Kids' Outdoor Explorer Kit,24.99,23,Fun kit for aspiring explorers with binoculars and a compass.,1,62,36
Coconut Lime Rice,2.99,71,"Flavorful rice mixed with coconut and lime, a tropical side dish.",4,55,80
Travel Luggage Scale,14.99,27,Digital scale to avoid overweight baggage fees.,9,61,40
Chocolate Chip Cliff Bars,2.49,78,Nutritious energy bars packed with chocolate chips.,1,79,56
Lemon Garlic Shrimp,8.99,68,"Marinated shrimp in a garlic and lemon sauce, perfect for grilling.",9,23,42
Chia Seeds,6.99,97,"Nutty flavored chia seeds, packed with nutrients.",2,55,37
Foldable Picnic Table,49.99,18,Lightweight and portable picnic table for outdoor use.,10,34,29
Casual Cropped Sweater,39.99,78,A trendy cropped sweater perfect for a casual look.,7,58,23
Electric Heating Pad,20.99,17,Microwaveable heating pad for muscle pain relief and relaxation.,4,80,91
Garden Kneeler and Seat,39.99,90,Convertible kneeler and seat for gardening comfort.,9,1,85
Vegan Chickpea Salad,3.99,48,"Healthy salad made with chickpeas, vegetables, and a lemon dressing.",7,99,59
Pet Bed with Removable Cover,49.99,62,Comfy pet bed with washable cover for easy cleaning.,8,6,2
Cucumber Relish,3.39,7,"Sweet relish made from cucumbers, perfect for sandwiches.",10,29,2
Bamboo Cotton Tank Top,22.99,86,"Sustainable tank top made of bamboo cotton, offering breathability and comfort.",4,90,4
LED Table Lamp,29.99,42,Modern LED table lamp with touch control.,2,54,18
Water-Resistant Bluetooth Speaker,59.99,81,Durable speaker designed for outdoor use with water resistance.,12,92,83
Vegetable Samosas,4.99,18,Crispy pastry filled with seasoned vegetables.,2,43,18
Organic Quinoa,4.29,87,Nutritious organic quinoa for salads or sides,3,86,29
Breathable Face Mask Set,14.99,32,Comfortable and reusable face masks in different styles.,8,22,60
Sweet Cherry Tomatoes,2.99,60,Fresh and juicy cherry tomatoes for salads and snacking.,5,86,58
Pasta Maker Machine,59.99,37,Manual pasta maker for creating fresh pasta at home.,2,86,31
Multi-Port USB Hub,19.99,94,USB hub for expanding ports on computers and laptops.,2,48,98
Organic Black Bean Burger,4.49,55,Delicious plant-based burger made with organic black beans and spices.,5,90,96
Collapsible Colander,14.99,93,Space-saving colander for rinsing fruits and vegetables.,1,61,27
Cranberry Almond Biscotti,4.19,6,Crispy and delicious biscotti flavored with cranberry and almond.,4,9,36
Juice Extractor,99.99,86,Efficient juicer for fresh fruit and vegetable juices.,1,97,36
Chickpea Flour,3.29,38,"Gluten-free flour made from ground chickpeas, great for cooking.",11,28,90
Tomato Sauce,2.79,69,Rich and flavorful tomato sauce for pasta or pizza.,3,91,13
Electric Air Pump,29.99,4,Fast and convenient air pump for inflating toys and furniture.,5,13,98
Children's Musical Instrument Set,39.99,62,Fun instruments to introduce kids to music.,3,54,78
Stainless Steel Cutlery Set,29.99,33,High-quality cutlery set for daily use or special occasions.,4,24,51
Peanut Butter Cookies,3.49,62,Soft and chewy cookies made with creamy peanut butter.,2,57,40
Sweet Potato Mash,3.99,24,"Creamy mashed sweet potatoes, ready to heat and serve.",9,74,87
Brown Rice,1.79,39,Nutty and wholesome brown rice.,8,60,47
Organic Whole Grain Oats,2.49,92,Whole grain oats that are perfect for breakfast or baking.,12,70,4
Almond Flour Biscuits,6.49,54,Gluten-free biscuits made with almond flour.,7,34,91
Organic Coconut Sugar,4.19,19,"A natural sweetener made from coconut sap, a healthier alternative to sugar.",5,54,30
Smoked Paprika Chicken Thighs,6.99,94,Marinated chicken thighs with smoked paprika for a smoky flavor.,4,43,5
Buffalo Wing Sauce,3.99,26,Spicy sauce perfect for chicken wings and dipping.,8,5,33
Pumpkin Ice Cream,4.99,59,"Seasonal pumpkin ice cream, perfect for fall.",2,40,76
Tahini,5.49,18,Creamy tahini made from ground sesame seeds.,10,61,45
Teriyaki Chicken Bowl,6.49,60,Ready-to-eat chicken bowl with teriyaki sauce and rice.,6,26,89
Stylish Wireless Earbuds,59.99,85,True wireless earbuds with excellent sound quality.,9,7,95
Sweet Potato Noodles,3.79,80,"Pasta alternative made from sweet potatoes, gluten-free and rich in flavor.",11,83,48
Portable Massage Gun,79.99,69,Personal massager for muscle recovery.,12,80,9
Vegan Tacos,7.49,85,Frozen vegan tacos filled with plant-based protein and spices.,2,37,13
Children's Gardening Set,19.99,38,Fun gardening tools designed specifically for kids.,3,59,74
Children's Educational Workbook,12.99,61,Activity workbook for early learning and fun.,8,85,13
Mediterranean Chickpea Salad,5.99,88,"A refreshing salad with chickpeas, cucumber, tomatoes, and a light vinaigrette dressing.",1,19,60
Pear and Gorgonzola Salad,5.49,100,"Fresh salad with pears, gorgonzola cheese, and nuts, perfect for lunch.",2,100,93
Fitness Balance Ball,24.99,12,Stability ball for Pilates and yoga workouts.,6,49,16
Essential White Button-Up,44.99,92,A classic white button-up shirt for a polished appearance.,3,9,81
Coconut Oil,6.49,90,Versatile organic coconut oil for cooking and baking.,10,96,34
Almond Butter Crunch Bar,1.99,77,Nutritious snack bar made with almond butter and protein.,8,43,66
Pet Grooming Brush,19.99,45,Self-cleaning grooming brush for cats and dogs.,2,13,79
Cauliflower Rice Stir-Fry,4.99,41,Frozen cauliflower rice blended with mixed vegetables and seasonings.,1,16,5
Fleece Lined Leggings,29.99,36,Comfortable and warm leggings perfect for colder weather.,2,100,71
Lightweight Workout Tank,29.99,18,Breathable tank top perfect for workouts or casual wear.,6,72,9
